startDate,ms_played,track_name,artist_name,album_name,url,type,sourceName,value,unit,endDate
2023-11-09 19:20:00,159220,Woh Lamhe Woh Baatein,Atif Aslam,Zeher,spotify:track:5fwRhPXAvGgzUxW62ZCvEg,StepCount,Casio G-Shock,10.0,count,11/9/23 19:24
2023-11-11 20:40:00,1790,"Main Koi Aisa Geet Gaoon (From ""Yes Boss"")",Abhijeet,Sensational Duets,spotify:track:4hLShJ4RCa2KhqVHD7MRDn,StepCount,iPhone 4s,78.0,count,11/11/23 20:52
2023-11-11 20:50:00,3590,"Mere Nishaan (From ""Oh My God"")",Kailash Kher,Best Of Kailash Kher,spotify:track:7y2LdSannuZhlHK3eTOyly,StepCount,Casio G-Shock,24.0,count,11/11/23 21:01
2023-11-11 21:10:00,265238,Neele Neele Ambar Par - Male Version,Kalyanji-Anandji,Kalaakaar (Original Motion Picture Soundtrack),spotify:track:02zPo0Dt0R4TTFY5zLJZnK,StepCount,Casio G-Shock,1.0,count,11/11/23 21:20
2023-11-11 21:30:00,290146,Ek Main Aur Ek Tu,Asha Bhosle,Khel Khel Mein,spotify:track:0m23fTE5D9lfYyVyfm5RoL,StepCount,Casio G-Shock,1.0,count,11/11/23 21:31
2023-11-11 21:40:00,1240,Baad Muddat Unhain - Main Aur Meri Tanhai / Soundtrack Version,Jagjit Singh,Dard-E-Jigar,spotify:track:45lNSRwDxSACwGtblFOak5,StepCount,Casio G-Shock,98.0,count,11/11/23 21:48
2023-11-11 21:50:00,87099,Beqarar Karke Hamen Yun Na Jaiye,Hemant Kumar,"Baarishein, Chai Aur Hemant Kumar",spotify:track:2Is7ElE0yrqns54eNSw4Jt,StepCount,Casio G-Shock,113.0,count,11/11/23 22:02
2023-11-11 22:10:00,266145,Ek Ajnabee Haseena Se,Kishore Kumar,Ajanabee,spotify:track:1mPNK9DQVA7gJNtJ20PZu3,StepCount,Casio G-Shock,48.0,count,11/11/23 22:19
2023-11-11 22:20:00,1800,Aaj Ki Party,Pritam,Bajrangi Bhaijaan,spotify:track:1vmQPVE7vbgSZ12C8MlKX8,StepCount,Casio G-Shock,97.0,count,11/11/23 22:33
2023-11-11 23:50:00,26080,"Gulabi Ankhen - From ""The Train""",Mohammed Rafi,Audiobiography,spotify:track:4ujalVER2NLazVozUVllxw,StepCount,Casio G-Shock,10.0,count,11/11/23 23:54
2023-11-12 00:10:00,295157,Main Yahaan Hoon,Madan Mohan,Veer - Zaara,spotify:track:3OAFzjwWionh8OfM4kgf2R,StepCount,iPhone 4s,19.0,count,11/12/23 0:17
2023-11-12 00:20:00,33154,Yeh Hum Aa Gaye Hain Kahaan,Madan Mohan,Veer - Zaara,spotify:track:7sSYkaAXRgnzoQYrGgrvlX,StepCount,Casio G-Shock,2.0,count,11/12/23 0:28
2023-11-13 19:30:00,248760,Tere Liye,Madan Mohan,Veer - Zaara,spotify:track:3i11e2jzUtO3jChiFl3v9x,StepCount,Casio G-Shock,24.0,count,11/13/23 19:35
2023-11-13 20:50:00,207031,Rock On!!,Farhan Akhtar,Rock On,spotify:track:6fABlNfAOylt7ZxfX8K1XL,StepCount,Casio G-Shock,183.0,count,11/13/23 21:03
2023-11-13 21:00:00,30031,Pichle Saat Dinon Mein (Live Version),Farhan Akhtar,Rock On,spotify:track:63ideCSFf24cQzGdgg4kjG,StepCount,Casio G-Shock,67.0,count,11/13/23 21:06
2023-11-13 21:10:00,240723,Bhula Dena,Mustafa Zahid,Aashiqui 2,spotify:track:0WNCYgCd33LnBnw22WFuq8,StepCount,Casio G-Shock,42.0,count,11/13/23 21:17
2023-11-13 21:30:00,300719,"Mere Nishaan (From ""Oh My God"")",Kailash Kher,Best Of Kailash Kher,spotify:track:7y2LdSannuZhlHK3eTOyly,StepCount,Casio G-Shock,17.0,count,11/13/23 21:36
2023-11-13 21:40:00,322899,Moh Moh Ke Dhaage (Male),Anu Malik,Dum Laga Ke Haisha,spotify:track:189DQylImZ1hGZaIpAQUzx,StepCount,iPhone 4s,28.0,count,11/13/23 21:52
2023-11-13 21:50:00,343066,Yeh Hum Aa Gaye Hain Kahaan,Madan Mohan,Veer - Zaara,spotify:track:7sSYkaAXRgnzoQYrGgrvlX,StepCount,Casio G-Shock,14.0,count,11/13/23 22:00
2023-11-14 00:20:00,600,Tum Tak,A.R. Rahman,Raanjhanaa (Original Motion Picture Soundtrack),spotify:track:1wnozUBSe7OMpmZiTPJC5j,StepCount,Casio G-Shock,10.0,count,11/14/23 0:24
2023-11-14 19:50:00,1258,Sooraj Ki Baahon Mein,Dominique Cerejo,Zindagi Na Milegi Dobara,spotify:track:723xQva0yBF7M6K3nDAG8R,StepCount,iPhone 4s,8.0,count,11/14/23 19:55
2023-11-14 20:00:00,11520,Moh Moh Ke Dhaage (Male),Anu Malik,Dum Laga Ke Haisha,spotify:track:189DQylImZ1hGZaIpAQUzx,StepCount,Casio G-Shock,8.0,count,11/14/23 20:01
2023-11-14 20:20:00,1301,Nira Ishq,Guri,Nira Ishq,spotify:track:0Id2IzhR3w50aP2PHfMUE3,StepCount,Casio G-Shock,96.0,count,11/14/23 20:34
2023-11-14 20:30:00,191978,Tu Jaane Na,Atif Aslam,Best of Romance: Atif Aslam & Pritam,spotify:track:5vGiuYFSGekGLgbxhV1rD5,StepCount,Casio G-Shock,48.0,count,11/14/23 20:45
2023-11-14 20:40:00,51170,Subhanallah Lofi Mix,Pritam,Subhanallah Lofi Mix,spotify:track:1pnC5d46tqFwjqGtbjJPn7,StepCount,iPhone 4s,9.0,count,11/14/23 20:44
2023-11-14 20:50:00,269200,Daaru Desi,Benny Dayal,Cocktail (Original Motion Picture Soundtrack),spotify:track:5pAo2q7eVt65OSkwYgqhHl,StepCount,iPhone 4s,407.0,count,11/14/23 21:06
2023-11-14 21:00:00,249707,Subhanallah,Pritam,Yeh Jawaani Hai Deewani,spotify:track:0GQngE2rOYvlKwEQjTAsP8,StepCount,iPhone 4s,777.0,count,11/14/23 21:14
2023-11-14 21:10:00,265717,"Mere Nishaan (From ""Oh My God"")",Kailash Kher,Best Of Kailash Kher,spotify:track:7y2LdSannuZhlHK3eTOyly,StepCount,Casio G-Shock,554.0,count,11/14/23 21:27
2023-11-14 21:20:00,198391,Kabira,Pritam,Yeh Jawaani Hai Deewani,spotify:track:4bD9z9qa4qg9BhryvYWB7c,StepCount,iPhone 4s,31.0,count,11/14/23 21:29
2023-11-15 23:20:00,241668,"Ajab Si (From ""Om Shanti Om"")",KK,Zindagi Do Pal Ki - K.K. All Time Hits,spotify:track:2RgvvnMwtP0R2OkVZmFvnV,StepCount,Casio G-Shock,124.0,count,11/15/23 23:35
2023-11-15 23:40:00,471720,Gale Lag Ja - Version 1,Javed Ali,De Dana Dan,spotify:track:2yBxVCCJkfCuwhA0GR2VwA,StepCount,Casio G-Shock,11.0,count,11/15/23 23:47
2023-11-17 21:20:00,26730,Yeh Sham Mastani,Kishore Kumar,Kati Patang,spotify:track:6UeEm5XPsleVD85kNHCu1n,StepCount,iPhone 4s,386.0,count,11/17/23 21:37
2023-11-17 21:30:00,270733,Hum Dono Do Premi,Lata Mangeshkar,Remembering Lata Mangeshkar,spotify:track:7fyNUqwla8VHtdk2a7lycW,StepCount,Casio G-Shock,131.0,count,11/17/23 21:41
2023-11-17 21:40:00,26779,Ek Main Aur Ek Tu,Asha Bhosle,Khel Khel Mein,spotify:track:0m23fTE5D9lfYyVyfm5RoL,StepCount,iPhone 4s,34.0,count,11/17/23 21:55
2023-11-17 22:50:00,457590,Gale Lag Ja - Version 1,Javed Ali,De Dana Dan,spotify:track:2yBxVCCJkfCuwhA0GR2VwA,StepCount,iPhone 4s,97.0,count,11/17/23 23:06
2023-11-17 23:00:00,332120,Tere Liye (Instrumental),Madan Mohan,Romancing The Legend: Veer-Zaara Instrumental,spotify:track:6ZUOhTs1fZem4YYsvdUEdK,StepCount,iPhone 4s,27.0,count,11/17/23 23:09
2023-11-17 23:20:00,7410,Bebo,Alisha Chinai,Kambakkht Ishq (Original Motion Picture Soundtrack),spotify:track:0GNq37PiMmflUA7uCnSh3W,StepCount,Casio G-Shock,39.0,count,11/17/23 23:32
2023-11-17 23:40:00,294608,Isq Risk - Instrumental,Sohail Sen,Yrf Romantic Melodies – Instrumental,spotify:track:255dwsEGFdK8Prtb2KObc1,StepCount,Casio G-Shock,19.0,count,11/17/23 23:45
2023-11-19 20:50:00,6493,Moh Moh Ke Dhaage (Male),Anu Malik,Dum Laga Ke Haisha,spotify:track:189DQylImZ1hGZaIpAQUzx,StepCount,iPhone 4s,41.0,count,11/19/23 21:01
2023-11-19 21:00:00,252200,Gale Lag Ja - Version 1,Javed Ali,De Dana Dan,spotify:track:2yBxVCCJkfCuwhA0GR2VwA,StepCount,Casio G-Shock,28.0,count,11/19/23 21:02
2023-11-19 21:10:00,13653,"Mere Nishaan (From ""Oh My God"")",Kailash Kher,Best Of Kailash Kher,spotify:track:7y2LdSannuZhlHK3eTOyly,StepCount,Casio G-Shock,27.0,count,11/19/23 21:15
2023-11-19 21:20:00,194602,Socha Hai,Farhan Akhtar,Rock On,spotify:track:7IjnfuMNfdrAXbefurdIIR,StepCount,Casio G-Shock,74.0,count,11/19/23 21:27
2023-11-20 22:40:00,1130,"Chaand Taare (From ""Yes Boss"")",Abhijeet,My Best Collection,spotify:track:5Cdd8p9sxRczQX6GFC8CdH,StepCount,iPhone 4s,28.0,count,11/20/23 22:50
2023-11-20 23:20:00,5236,Zaara-Bauji Theme (Instrumental),Madan Mohan,The Love Legend Themes: Veer-Zaara Themes & Instrumental Scores,spotify:track:0N7I4n27C4ohUpssooA2LC,StepCount,Casio G-Shock,28.0,count,11/20/23 23:21
2023-11-20 23:30:00,5259,Dil-E-Naadaan Tujhe Hua Kya Hai,Jagjit Singh,Main Ghalib,spotify:track:32pak2UWgCO1r5fZwUPKOa,StepCount,Casio G-Shock,15.0,count,11/20/23 23:38
2023-11-21 19:40:00,430,Hotty Naughty - Remix Version,Kalpana Patowary,De Dana Dan,spotify:track:4iddA3wMA54ChHBKuPQCb2,StepCount,Casio G-Shock,12.0,count,11/21/23 19:48
2023-11-21 19:50:00,231110,Rishte Naate,Rahat Fateh Ali Khan,De Dana Dan,spotify:track:5fKzdTKPV9vT4WEjEdxXrt,StepCount,Casio G-Shock,6.0,count,11/21/23 19:59
2023-11-22 18:50:00,27061,Samjhawan,Jawad Ahmad,Humpty Sharma Ki Dulhania (Original Motion Picture Soundtrack),spotify:track:4LO5DjN6Tp3UkUvgESuy2t,StepCount,Casio G-Shock,8.0,count,11/22/23 18:56
2023-11-22 19:30:00,14389,Pyar Diwana Hota Hain,Kishore Kumar,Classic Revival Tum Mile Pyar Se,spotify:track:2lZlmPPPD89y8dbcfUkrCE,StepCount,Casio G-Shock,8.0,count,11/22/23 19:31
2023-11-22 19:50:00,56482,Mana Janab Ne Pukara Nahin,Kishore Kumar,Kishore Kumar Masti Ki Chakri,spotify:track:7Hapk4X6sZ48WbPV27KHNq,StepCount,Casio G-Shock,66.0,count,11/22/23 20:00
2023-11-22 20:00:00,294333,Tere Mere Milan Ki Yeh Raina,Lata Mangeshkar,Remembering Lata Mangeshkar,spotify:track:4APKfi2FMNCu5zo6RwUq1O,StepCount,Casio G-Shock,693.0,count,11/22/23 20:14
2023-11-22 20:10:00,269551,Chala Jata Hoon,Kishore Kumar,Kishore Kumar Masti Ki Chakri,spotify:track:5qQIs3YxG66SUHK3KHhSIr,StepCount,iPhone 4s,27.0,count,11/22/23 20:24
2023-11-22 20:40:00,16586,Meri Bheegi Bheegi Si,Kishore Kumar,Anamika,spotify:track:66pgL55KG00oTsxzTw7tBE,StepCount,Casio G-Shock,42.0,count,11/22/23 20:51
2023-11-22 21:00:00,258588,Ghum Hai Kisi Ke Pyar Mein,Lata Mangeshkar,Lata Mangeshkar Songs Geet,spotify:track:7IqEZMYay7OwgZKICObujt,StepCount,Casio G-Shock,42.0,count,11/22/23 21:09
2023-11-22 21:10:00,221080,Kehna Hai Kehna Hai,Kishore Kumar,Padosan,spotify:track:1KxcQHJf7HC57jomPJ19Qj,StepCount,Casio G-Shock,16.0,count,11/22/23 21:10
2023-11-22 21:20:00,325746,Apni To Jaise Taise Dialogue,Kishore Kumar,Laawaris,spotify:track:04ktwHoyF8ELtSfjz8tc7M,StepCount,Casio G-Shock,79.0,count,11/22/23 21:30
2023-11-22 21:30:00,252760,Zindagi Ka Safar Hai Yeh Kaisa Safar,Kishore Kumar,Revival Vol.7 Yeh Jeevan Hai,spotify:track:2mOBH5czTRRLI8ISc02U7B,StepCount,Casio G-Shock,41.0,count,11/22/23 21:40
2023-11-22 21:40:00,357120,Lekar Hum Diwana Dil,Asha Bhosle,Yaadon Ki Baaraat,spotify:track:4gW8O7mQb1qZ5fl4VcoKi3,StepCount,Casio G-Shock,17.0,count,11/22/23 21:50
2023-11-22 22:00:00,297026,Kanchi Re Kanchi Re,Lata Mangeshkar,Hare Rama Hare Krishna,spotify:track:0dPz77kgQAIl1f4x1IeyTm,StepCount,iPhone 4s,327.0,count,11/22/23 22:16
2023-11-22 22:10:00,59822,Ek Hasina Thi Ek Diwana Tha,Kishore Kumar,Karz,spotify:track:1QqtOXpvfLPW4yEuAXJKDk,StepCount,Casio G-Shock,1.0,count,11/22/23 22:16
2023-11-22 22:50:00,235829,Aasman Ke Neeche,Lata Mangeshkar,Jewel Thief,spotify:track:4RUBGBppd71QQy4lLJ1mvw,StepCount,Casio G-Shock,56.0,count,11/22/23 23:09
2023-11-22 23:00:00,172396,Mere Samnewali Khidki Mein,Kishore Kumar,Kishore Kumar Masti Ki Chakri,spotify:track:4qFuyUsbJKucXXc4DFQLbY,StepCount,iPhone 4s,10.0,count,11/22/23 23:09
2023-11-22 23:10:00,215273,Mera Jeevan Kora Kagaz,Kishore Kumar,Kora Kagaz,spotify:track:1MUol1Uw9JKRL7mV17iBwT,StepCount,Casio G-Shock,51.0,count,11/22/23 23:22
2023-11-22 23:40:00,264707,Haal Kaisa Hai Janab Ka,Asha Bhosle,Chalti Ka Naam Gaadi,spotify:track:3uvvmqUNKEzZtZWOQrQqq0,StepCount,Casio G-Shock,29.0,count,11/22/23 23:47
2023-11-22 23:50:00,22629,Aa Chal Ke Tujhe,Kishore Kumar,Door Gagan Ki Chhaon Mein,spotify:track:53keqrDTkt1GE9hJgUoql4,StepCount,Casio G-Shock,55.0,count,11/23/23 0:00
2023-11-23 00:10:00,281476,Aaye Tum Yaad Mujhe,Kishore Kumar,Mili,spotify:track:1J8wJATs02cTk55Zcbvhx4,StepCount,Casio G-Shock,30.0,count,11/23/23 0:17
2023-11-23 00:30:00,574,Paisa O Paisa,Kishore Kumar,Karz,spotify:track:3vcVhHWm2JXEpD9aqdyz9K,StepCount,Casio G-Shock,21.0,count,11/23/23 0:38
2023-11-23 00:50:00,5045,Tere Bina Zindagi Se,Lata Mangeshkar,Lata Mangeshkar Songs Geet,spotify:track:4isclMhMivnZzlpBAeXrK7,StepCount,iPhone 4s,21.0,count,11/23/23 0:52
2023-11-23 01:30:00,1332,Jaane Kyon,Madan Mohan,Veer - Zaara,spotify:track:2UWIOwIxG63aqXK1TDiWVr,StepCount,iPhone 4s,21.0,count,11/23/23 1:40
2023-11-23 01:50:00,1354,Paisa,Manak-E,De Dana Dan,spotify:track:5waPZcxgliOcZxCjswryDb,StepCount,iPhone 4s,12.0,count,11/23/23 1:52
2023-11-23 02:00:00,229435,Ucha Lamba Kad,Anand Raj Anand,Welcome,spotify:track:2hyYqX8IVVxFEFIUf0zZam,StepCount,Casio G-Shock,12.0,count,11/23/23 2:05
2023-11-26 01:40:00,56260,Titliaan Warga,Harrdy Sandhu,Titliaan Warga,spotify:track:37TjLqLaiOX1QmcKPgb3TC,StepCount,Casio G-Shock,8.0,count,11/26/23 1:43
2023-11-27 19:50:00,85641,Dil Tod Ke,Rochak Kohli,Dil Tod Ke,spotify:track:71OoohX1NBG4ez6eijgaWE,StepCount,Casio G-Shock,9.0,count,11/27/23 20:01
2023-11-27 20:10:00,286093,Chhaliya,Vishal-Shekhar,Tashan,spotify:track:70r85LQ7Hcof30PJmksilm,StepCount,iPhone 4s,712.0,count,11/27/23 20:25
2023-11-27 20:20:00,1503,Genda Phool,Rekha Bhardwaj,Delhi-6,spotify:track:15Vuw407y6UWIPUfGrpJ1e,StepCount,iPhone 4s,599.0,count,11/27/23 20:33
2023-11-27 20:30:00,241448,"Kaun Tujhe (From ""M.S.Dhoni - The Untold Story"")",Palak Muchhal,Best Of Palak Muchhal,spotify:track:1q6pMQBRILzkz0g4rKEXdM,StepCount,Casio G-Shock,119.0,count,11/27/23 20:39
2023-11-27 20:40:00,300719,"Mere Nishaan (From ""Oh My God"")",Kailash Kher,Best Of Kailash Kher,spotify:track:7y2LdSannuZhlHK3eTOyly,StepCount,Casio G-Shock,63.0,count,11/27/23 20:52
2023-11-27 21:00:00,4043,Tere Naal,Tulsi Kumar,Tere Naal,spotify:track:2Vw94w6FxCyaYwyCivi9Py,StepCount,Casio G-Shock,74.0,count,11/27/23 21:13
2023-11-27 21:10:00,187942,Pichle Saat Dinon Mein (Album Version),Farhan Akhtar,Rock On,spotify:track:1QQqHS80CpR8tA2lR8O65y,StepCount,iPhone 4s,46.0,count,11/27/23 21:14
2023-11-27 21:20:00,1109,O Sanam,Lucky Ali,Sunoh,spotify:track:5oYRr51VatOtkFeEOursuZ,StepCount,iPhone 4s,10.0,count,11/27/23 21:28
2023-11-27 21:30:00,269200,Daaru Desi,Benny Dayal,Cocktail (Original Motion Picture Soundtrack),spotify:track:5pAo2q7eVt65OSkwYgqhHl,StepCount,Casio G-Shock,74.0,count,11/27/23 21:43
2023-11-27 21:40:00,949,Socha Hai,Farhan Akhtar,Rock On,spotify:track:7IjnfuMNfdrAXbefurdIIR,StepCount,iPhone 4s,93.0,count,11/27/23 21:53
2023-11-27 21:50:00,317000,"Main Koi Aisa Geet Gaoon (From ""Yes Boss"")",Abhijeet,Sensational Duets,spotify:track:4hLShJ4RCa2KhqVHD7MRDn,StepCount,Casio G-Shock,80.0,count,11/27/23 22:02
2023-11-27 22:00:00,331676,Tere Liye,Madan Mohan,Veer - Zaara,spotify:track:3i11e2jzUtO3jChiFl3v9x,StepCount,iPhone 4s,16.0,count,11/27/23 22:07
2023-11-27 22:10:00,287213,Teri Yaadon Mein,KK,The Killer,spotify:track:4ZVfIGaZP93t0stmBj4FqA,StepCount,Casio G-Shock,69.0,count,11/27/23 22:24
2023-11-27 22:20:00,295157,Main Yahaan Hoon,Madan Mohan,Veer - Zaara,spotify:track:3OAFzjwWionh8OfM4kgf2R,StepCount,iPhone 4s,17.0,count,11/27/23 22:20
2023-11-27 22:30:00,3174,Jab Koi Baat - Recreated,Atif Aslam,Jab Koi Baat - Recreated,spotify:track:43GfQ1SC17rBWiHkOtdwK8,StepCount,Casio G-Shock,53.0,count,11/27/23 22:38
2023-11-27 23:00:00,306133,Woh Ladki Hai Kahan,Shaan,Dil Chahta Hai,spotify:track:2tO0QPdCA0jgDBshTuYYkc,StepCount,iPhone 4s,47.0,count,11/27/23 23:09
2023-11-28 00:40:00,276715,Aye Udi Udi Udi,A.R. Rahman,Saathiya,spotify:track:6K0Ea7pq2trf6SwsfEKkOp,StepCount,Casio G-Shock,3.0,count,11/28/23 0:44
2023-11-28 01:30:00,293840,Aashiqui Mein Teri,Himesh Reshammiya,36 China Town - Original Motion Picture Soundtrack,spotify:track:1VGt7ZmY4iPfrabXjIMHo4,StepCount,Casio G-Shock,8.0,count,11/28/23 1:38
2023-11-28 21:40:00,1546,In Dino,Pritam,Life In A Metro (Original Motion Picture Soundtrack),spotify:track:6YycppSAeGtSvwmu8qCcr2,StepCount,iPhone 4s,608.0,count,11/28/23 21:56
2023-11-28 22:00:00,2858,Paisa,Manak-E,De Dana Dan,spotify:track:5waPZcxgliOcZxCjswryDb,StepCount,iPhone 4s,216.0,count,11/28/23 22:10
2023-11-28 22:20:00,7277,Le Le Mazaa Le,Suzanne,Wanted,spotify:track:0V6i9XZ7NOfXQAygSaswnM,StepCount,iPhone 4s,232.0,count,11/28/23 22:32
2023-11-28 22:30:00,1024,Hoth Rasiley,Anand Raj Anand,Welcome,spotify:track:5abF4FI366vQdn3ALwBmLS,StepCount,iPhone 4s,22.0,count,11/28/23 22:41
2023-11-28 23:00:00,353880,Pretty Woman,Shankar-Ehsaan-Loy,Kal Ho Naa Ho (Original Motion Picture Soundtrack),spotify:track:3rsx3pDYM3a08O0Yu3Tq6V,StepCount,Casio G-Shock,58.0,count,11/28/23 23:05
2023-11-29 17:30:00,5940,Rishte Naate - Remix Version,Kunal Ganjawala,De Dana Dan,spotify:track:2YWCcUKKnm3DDdoyzz0Wm3,StepCount,Casio G-Shock,2.0,count,11/29/23 17:37
2023-11-29 17:40:00,5130,Papa Jag Jayega,Ritu Pathak,Housefull,spotify:track:0F04XRwhkYDkx2HVHtaqHt,StepCount,Casio G-Shock,17.0,count,11/29/23 17:40
2023-11-29 18:00:00,120540,Kuch Kuch Hota Hai - Lofi Remix,DJ Nyk,Kuch Kuch Hota Hai,spotify:track:5NBIQcR0HX1SWsE2W9JSvK,StepCount,Casio G-Shock,16.0,count,11/29/23 18:05
2023-11-29 18:20:00,305583,Sajde,Pritam,Khatta Meetha,spotify:track:4N66qcycDiFLJGjnXiKbKX,StepCount,Casio G-Shock,31.0,count,11/29/23 18:32
2023-11-29 18:40:00,93370,Tum Ho Mera Pyar,KK,Haunted,spotify:track:2EN5aTDtX8852Ih3ss8Rih,StepCount,Casio G-Shock,58.0,count,11/29/23 18:45
2023-11-29 20:10:00,343066,Yeh Hum Aa Gaye Hain Kahaan,Madan Mohan,Veer - Zaara,spotify:track:7sSYkaAXRgnzoQYrGgrvlX,StepCount,Casio G-Shock,517.0,count,11/29/23 20:28
2023-11-29 20:20:00,261013,Soni De Nakhre,Wajid,Partner,spotify:track:4tBMbRwLJa5BjwJ6FrBlks,StepCount,Casio G-Shock,831.0,count,11/29/23 20:38
2023-11-29 20:30:00,395082,Aankhein Khuli,Jatin-Lalit,Mohabbatein,spotify:track:16XEVyPh5NT31CAAqPbxQF,StepCount,Casio G-Shock,145.0,count,11/29/23 20:48
2023-11-29 20:40:00,329600,Barso Re,A.R. Rahman,Guru (Original Motion Picture Soundtrack),spotify:track:32DWojMZeZebVrfBkhAkKy,StepCount,Casio G-Shock,177.0,count,11/29/23 20:53
2023-11-29 20:50:00,370,Ishq Samundar,Sunidhi Chauhan,Kaante,spotify:track:26AwzkDNxx9D0KXmBhY0Gd,StepCount,iPhone 4s,37.0,count,11/29/23 21:02
2023-11-29 21:00:00,4850,Prem Ki Naiyya,Neeraj Shridhar,Ajab Prem Ki Ghazab Kahani - Original Motion Picture Soundtrack,spotify:track:2JDsi7S0UmtGoyVPTda0ao,StepCount,Casio G-Shock,17.0,count,11/29/23 21:14
2023-11-29 21:10:00,353880,Pretty Woman,Shankar-Ehsaan-Loy,Kal Ho Naa Ho (Original Motion Picture Soundtrack),spotify:track:3rsx3pDYM3a08O0Yu3Tq6V,StepCount,iPhone 4s,19.0,count,11/29/23 21:17
2023-11-29 21:20:00,416613,Chaiyya Chaiyya,Sukhwinder Singh,Dil Se,spotify:track:5H4rKylLnO8KrmdXTRhj5s,StepCount,iPhone 4s,33.0,count,11/29/23 21:35
2023-11-29 21:30:00,196556,Tumhi Dekho Naa,Shankar-Ehsaan-Loy,Kabhi Alvida Naa Kehna (Original Motion Picture Soundtrack),spotify:track:2ILhVeTkbDAYEvesCCBsNo,StepCount,Casio G-Shock,44.0,count,11/29/23 21:41
2023-11-30 03:50:00,286840,It's the Time to Disco,Shankar-Ehsaan-Loy,Kal Ho Naa Ho (Original Motion Picture Soundtrack),spotify:track:3hCUkos0NxuSFl73oOHJzb,StepCount,Casio G-Shock,24.0,count,11/30/23 3:59
2023-11-30 18:30:00,12186,Allah Maaf Kare (Remix),Pritam,Desi Boyz,spotify:track:3S2AoVDyMao30pG3jpm0yE,StepCount,Casio G-Shock,115.0,count,11/30/23 18:36
2023-11-30 18:40:00,273078,Sheila Ki Jawani,Sunidhi Chauhan,Tees Maar Khan,spotify:track:6VbmeIWTbNHM5uqoW7GTE4,StepCount,Casio G-Shock,87.0,count,11/30/23 18:47
2023-11-30 18:50:00,308733,Mujhse Shaadi Karogi,Sonu Nigam,Mujhse Shaadi Karogi,spotify:track:6E6UhpF6vV6Cu1VFbrlVM2,StepCount,Casio G-Shock,38.0,count,11/30/23 18:54
2023-11-30 20:50:00,28807,Bheegey Hont,Kunal Ganjawala,Murder,spotify:track:3GXnz7MM5tMl7bvkTPx8WQ,StepCount,iPhone 4s,76.0,count,11/30/23 20:59
2023-11-30 21:00:00,3410,Dilko Tumse Pyar Hua,Roop Kumar Rathod,Rehnaa Hai Terre Dil Mein,spotify:track:4zlgBHkw0HL6JTcZBbnzqx,StepCount,Casio G-Shock,34.0,count,11/30/23 21:12
2023-12-01 19:50:00,291790,Agar Tum Mil Jao,Shreya Ghoshal,Zeher,spotify:track:23gpA0ZDwhkizbU0NMyMsW,StepCount,Casio G-Shock,17.0,count,12/1/23 19:58
2023-12-01 20:30:00,1440,"Guzarish (From ""Ghajini"")",Javed Ali,Teri Jhalak Asharfi Javed Ali Hits,spotify:track:0kWWPtEWjmQVEu4V0esXJ8,StepCount,Casio G-Shock,16.0,count,12/1/23 20:35
2023-12-01 20:50:00,300640,Mere Sapnon Ki Rani,Kishore Kumar,Kishore Kumar Masti Ki Chakri,spotify:track:7esbB2vqT7jJPY9wUp83yU,StepCount,Casio G-Shock,62.0,count,12/1/23 20:54
2023-12-01 21:10:00,210789,Dil Chori,Yo Yo Honey Singh,Sonu Ke Titu Ki Sweety,spotify:track:6zojSFiUNySBy3Kd1JVCXb,StepCount,iPhone 4s,24.0,count,12/1/23 21:22
2023-12-01 21:30:00,38290,Makhna,Yo Yo Honey Singh,Makhna,spotify:track:7A9zMoPZw4fN7zSVXINeEF,StepCount,iPhone 4s,64.0,count,12/1/23 21:43
2023-12-01 21:40:00,1020,One Thousand Miles,Yo Yo Honey Singh,Desi Kalakaar,spotify:track:7FQTRGEYNU9vyR03xVHDrd,StepCount,Casio G-Shock,196.0,count,12/1/23 21:50
2023-12-01 21:50:00,207789,"Kalaastar (From ""Honey 3.0"")",Yo Yo Honey Singh,"Kalaastar (From ""Honey 3.0"")",spotify:track:1sZFDDmmBVkcHOpV6AB0Nx,StepCount,iPhone 4s,39.0,count,12/1/23 22:03
2023-12-01 22:20:00,35660,Love Dose,Yo Yo Honey Singh,Desi Kalakaar,spotify:track:1QZRCi2Z1DQQaR6bGAzhtN,StepCount,Casio G-Shock,22.0,count,12/1/23 22:30
2023-12-02 23:10:00,47950,Gale Lag Ja - Version 1,Javed Ali,De Dana Dan,spotify:track:2yBxVCCJkfCuwhA0GR2VwA,StepCount,Casio G-Shock,45.0,count,12/2/23 23:17
2023-12-05 18:50:00,329386,Dil Ibaadat,Pritam,Yaad Aayenge Ye Pal,spotify:track:5IICsgzOIQsCykvzGpApsb,StepCount,Casio G-Shock,20.0,count,12/5/23 18:56
2023-12-05 19:20:00,1493,Banda Bindas,KK,Tribute To K.K. - A Legacy,spotify:track:3P3RbtgGA2bSaRvjnQ75Zh,StepCount,Casio G-Shock,19.0,count,12/5/23 19:29
2023-12-05 20:20:00,7924,"Hum to Deewane Huye (From ""Baadshah"")",Abhijeet,Sensational Duets,spotify:track:5qG6jYnBmGMdKS1WiZBgj5,StepCount,iPhone 4s,56.0,count,12/5/23 20:29
2023-12-05 20:30:00,3012,Genda Phool,Rekha Bhardwaj,Delhi-6,spotify:track:15Vuw407y6UWIPUfGrpJ1e,StepCount,Casio G-Shock,33.0,count,12/5/23 20:38
2023-12-05 20:40:00,298184,"Beete Lamhein (From ""The Train"")",KK,Zindagi Do Pal Ki - K.K. All Time Hits,spotify:track:0dJacN6K3mSGLE9p7QE0lO,StepCount,iPhone 4s,12.0,count,12/5/23 20:49
2023-12-06 19:30:00,158216,Ladki Badi Anjani Hai,Jatin-Lalit,Kuch Kuch Hota Hai (Original Motion Picture Soundtrack),spotify:track:6f3C6rJo7zvmfr1h5SRvxg,StepCount,Casio G-Shock,820.0,count,12/6/23 19:48
2023-12-06 19:40:00,285603,Kal Ho Naa Ho,Shankar-Ehsaan-Loy,Kal Ho Naa Ho (Original Motion Picture Soundtrack),spotify:track:251PNRmJU9KcUnFQAB5t6I,StepCount,iPhone 4s,92.0,count,12/6/23 19:55
2023-12-06 20:50:00,62180,"Phurrr (From ""Jab Harry Met Sejal"")",Diplo,"Phurrr (From ""Jab Harry Met Sejal"")",spotify:track:1Wmhz6pAesAAKh6Oy3zknL,StepCount,Casio G-Shock,44.0,count,12/6/23 20:56
2023-12-06 21:10:00,353816,Pretty Woman,Shankar-Ehsaan-Loy,Kal Ho Naa Ho (Original Motion Picture Soundtrack),spotify:track:3rsx3pDYM3a08O0Yu3Tq6V,StepCount,Casio G-Shock,23.0,count,12/6/23 21:19
2023-12-06 21:30:00,457819,Kabhi Alvida Naa Kehna,Shankar-Ehsaan-Loy,Kabhi Alvida Naa Kehna (Original Motion Picture Soundtrack),spotify:track:4uXShFWajd1PTQzlW3P4jj,StepCount,Casio G-Shock,24.0,count,12/6/23 21:37
2023-12-06 22:10:00,324817,Badi Mushkil Hai,Abhijeet Bhattcharya,Anjaam - Original Motion Picture Soundtrack,spotify:track:1jk1tdtftNDbynHJ2H3X8Z,StepCount,Casio G-Shock,4.0,count,12/6/23 22:12
2023-12-06 22:50:00,36422,Kya Hua (Loveria),Alka Yagnik,Raju Ban Gaya Gentleman - Original Motion Picture Soundtrack,spotify:track:7jlkMcwjLJvqkSlI2MtaLY,StepCount,iPhone 4s,40.0,count,12/6/23 22:54
2023-12-06 23:10:00,0,"Tu Hi Yaar Mera (From ""Pati Patni Aur Woh"")",Rochak Kohli,"Tu Hi Yaar Mera (From ""Pati Patni Aur Woh"")",spotify:track:57jOEZtoLQK4zF2x55bdkp,StepCount,Casio G-Shock,16.0,count,12/6/23 23:14
2023-12-07 18:30:00,408133,Bole Chudiyan,Jatin-Lalit,Kabhi Khushi Kabhie Gham (Original Motion Picture Soundtrack),spotify:track:1uzkWkIaWaxzHJgJ4Fy5rO,StepCount,Casio G-Shock,20.0,count,12/7/23 18:37
2023-12-07 21:30:00,25820,Chaiyya Chaiyya,Sukhwinder Singh,Dil Se,spotify:track:5H4rKylLnO8KrmdXTRhj5s,StepCount,Casio G-Shock,17.0,count,12/7/23 21:30
2023-12-07 23:40:00,5700,Alvida,Pritam,Life In A Metro (Original Motion Picture Soundtrack),spotify:track:7EjatvVN2Y2GjpvKSyWJR4,StepCount,iPhone 4s,26.0,count,12/7/23 23:44
2023-12-08 19:10:00,928,Zara Sa,Pritam,Jannat (Original Motion Picture Soundtrack),spotify:track:18YHbIhrleUkKKj2DvEp79,StepCount,iPhone 4s,91.0,count,12/8/23 19:16
2023-12-08 20:10:00,324862,Haan Tu Hain,Pritam,Jannat (Original Motion Picture Soundtrack),spotify:track:4vgCpNUUcpEIBifidhQOnR,StepCount,iPhone 4s,34.0,count,12/8/23 20:18
2023-12-08 20:20:00,286001,Piya Aaye Na,Tulsi Kumar,Aashiqui 2,spotify:track:1ELMyeJLDHUz3cK3XTWgEi,StepCount,iPhone 4s,24.0,count,12/8/23 20:28
2023-12-09 20:30:00,59005,Beete Lamhein,KK,The Train,spotify:track:0zQa7QXLpUZfrrsWbgDZll,StepCount,iPhone 4s,60.0,count,12/9/23 20:37
2023-12-09 20:40:00,39086,Tujhe Sochta Hoon,Pritam,Jannat 2 (Original Motion Picture Soundtrack),spotify:track:47l2Dd3XPBLio3kjbEMyDJ,StepCount,Casio G-Shock,27.0,count,12/9/23 20:46
2023-12-10 17:00:00,1660,Sultan,Vishal-Shekhar,Sultan,spotify:track:3kSBSSsXtebECjCggW87yq,StepCount,Casio G-Shock,29.0,count,12/10/23 17:12
2023-12-10 17:20:00,252200,Gale Lag Ja - Version 1,Javed Ali,De Dana Dan,spotify:track:2yBxVCCJkfCuwhA0GR2VwA,StepCount,Casio G-Shock,18.0,count,12/10/23 17:29
2023-12-11 15:20:00,246131,Socha Hai,Farhan Akhtar,Rock On,spotify:track:7IjnfuMNfdrAXbefurdIIR,StepCount,Casio G-Shock,23.0,count,12/11/23 15:21
2023-12-11 15:30:00,145407,Kya Karoon?,Shankar-Ehsaan-Loy,Wake Up Sid (Original Motion Picture Soundtrack),spotify:track:4Yp8zw7b35bheMVTp39o5O,StepCount,Casio G-Shock,8.0,count,12/11/23 15:37
2023-12-11 16:00:00,302210,Kiya Kiya,Anand Raj Anand,Welcome,spotify:track:0YCPCY9WhQFMFtoSpj6dhL,StepCount,Casio G-Shock,8.0,count,12/11/23 16:09
2023-12-11 18:10:00,10173,"Piya Aaye Na (From ""Aashiqui 2"")",Tulsi Kumar,Mesmeric Voice - Tulsi Kumar,spotify:track:18gi2IxbZ3Ugom7wTRkohf,StepCount,iPhone 4s,698.0,count,12/11/23 18:29
2023-12-11 18:20:00,337085,"Piya Aaye Na (From ""Aashiqui 2"")",Tulsi Kumar,Mesmeric Voice - Tulsi Kumar,spotify:track:18gi2IxbZ3Ugom7wTRkohf,StepCount,iPhone 4s,345.0,count,12/11/23 18:39
2023-12-11 18:30:00,319098,It's the Time to Disco,Shankar-Ehsaan-Loy,Kal Ho Naa Ho (Original Motion Picture Soundtrack),spotify:track:3hCUkos0NxuSFl73oOHJzb,StepCount,iPhone 4s,18.0,count,12/11/23 18:43
2023-12-11 18:40:00,259036,Ek Din Teri Raahon,Javed Ali,Naqaab - Original Motion Picture Soundtrack,spotify:track:6UEhNvccAc4OyEDJYB5brb,StepCount,Casio G-Shock,8.0,count,12/11/23 18:42
2023-12-11 20:10:00,236007,Alvida,Pritam,Yaad Aayenge Ye Pal,spotify:track:1WQHF8jw9CPabD4ImmEK1t,StepCount,iPhone 4s,28.0,count,12/11/23 20:26
2023-12-12 15:30:00,1190,Aahun Aahun,Neeraj Shridhar,Love Aaj Kal (Original Motion Picture Soundtrack),spotify:track:1n1b2lwdRdWF5RAaA0vewk,StepCount,Casio G-Shock,5.0,count,12/12/23 15:38
2023-12-12 15:50:00,313933,Tujhe Sochta Hoon,Pritam,Jannat 2 (Original Motion Picture Soundtrack),spotify:track:47l2Dd3XPBLio3kjbEMyDJ,StepCount,Casio G-Shock,19.0,count,12/12/23 15:58
2023-12-12 16:00:00,85560,Soniye,KK,Aksar,spotify:track:5O4AGvOVFSs5ipu3iNOuoi,StepCount,Casio G-Shock,158.0,count,12/12/23 16:10
2023-12-13 01:50:00,81448,Woh Ladki Hai Kahan,Shaan,Dil Chahta Hai,spotify:track:2tO0QPdCA0jgDBshTuYYkc,StepCount,Casio G-Shock,3.0,count,12/13/23 1:55
2023-12-13 20:20:00,159,"Mere Khayalon Ki Malika (From ""Josh"")",Abhijeet,My Best Collection,spotify:track:67wuqsKi5LZOBAtTLzeK8g,StepCount,Casio G-Shock,31.0,count,12/13/23 20:21
2023-12-14 01:10:00,265168,"Deva Deva (From ""Brahmastra"")",Pritam,Deva Deva,spotify:track:0IGXY47K2ha3AHfX57wY1O,StepCount,Casio G-Shock,15.0,count,12/14/23 1:18
2023-12-14 07:00:00,366746,Dil De Diya Hai,Anand Raj Anand,Masti,spotify:track:2zT6KfK583MkcLIHLBO8De,StepCount,Casio G-Shock,33.0,count,12/14/23 7:15
2023-12-14 07:10:00,1570,Kuchh Khaas,Mohit Chauhan,Fashion,spotify:track:01npLGQTbZBIHVRcXJbLzR,StepCount,Casio G-Shock,62.0,count,12/14/23 7:21
2023-12-14 07:20:00,306133,Woh Ladki Hai Kahan,Shaan,Dil Chahta Hai,spotify:track:2tO0QPdCA0jgDBshTuYYkc,StepCount,Casio G-Shock,95.0,count,12/14/23 7:34
2023-12-14 07:50:00,1610,"Guzarish (From ""Ghajini"")",Javed Ali,Teri Jhalak Asharfi Javed Ali Hits,spotify:track:0kWWPtEWjmQVEu4V0esXJ8,StepCount,iPhone 4s,75.0,count,12/14/23 8:09
2023-12-14 08:00:00,39544,Phir Se Ud Chala,Mohit Chauhan,Rockstar,spotify:track:1kcV2LJxt5v0s2cEGtEJ5i,StepCount,iPhone 4s,80.0,count,12/14/23 8:19
2023-12-14 08:10:00,120240,Saawariya,Monty Sharma,Saawariya (Original Motion Picture Soundtrack),spotify:track:5T6yrJuKWnkCH2OlQsoO7z,StepCount,Casio G-Shock,82.0,count,12/14/23 8:26
2023-12-14 17:20:00,1020,Tadap Tadap,KK,Hum Dil De Chuke Sanam,spotify:track:6n6hEYHXBzWfdSzBX20ZRw,StepCount,Casio G-Shock,21.0,count,12/14/23 17:21
2023-12-14 17:50:00,298271,Beete Lamhein,KK,The Train,spotify:track:0zQa7QXLpUZfrrsWbgDZll,StepCount,Casio G-Shock,1.0,count,12/14/23 17:53
2023-12-14 18:00:00,287213,Teri Yaadon Mein,KK,The Killer,spotify:track:4ZVfIGaZP93t0stmBj4FqA,StepCount,Casio G-Shock,19.0,count,12/14/23 18:02
2023-12-14 18:20:00,14030,Mat Aazma Re,Pritam,Murder 3 (Original Motion Picture Soundtrack),spotify:track:0mh4VutnDyBn1sqcp05MZD,StepCount,Casio G-Shock,26.0,count,12/14/23 18:29
2023-12-14 19:30:00,306920,Tune Maari Entriyaan,Sohail Sen,Gunday,spotify:track:5kg1GacbhgQfLcbgOBRO9c,StepCount,iPhone 4s,22.0,count,12/14/23 19:39
2023-12-14 23:20:00,98011,Te Amo (Duet),Pritam,Dum Maaro Dum,spotify:track:3x55c9UVpbURc2T02DLfEM,StepCount,Casio G-Shock,29.0,count,12/14/23 23:34
2023-12-14 23:40:00,226928,Ladki Kyon,Jatin-Lalit,Hum Tum,spotify:track:0U9a0NZ8UQpnix2lBElFAx,StepCount,iPhone 4s,16.0,count,12/14/23 23:41
2023-12-15 15:30:00,292000,Ek Din Teri Raahon,Javed Ali,Naqaab - Original Motion Picture Soundtrack,spotify:track:6UEhNvccAc4OyEDJYB5brb,StepCount,iPhone 4s,33.0,count,12/15/23 15:43
2023-12-15 15:50:00,8030,Jhanjharia - Male Version,Abhijeet,Krishna - Original Motion Picture Soundtrack,spotify:track:7v6kXbTvpHbhq5LHruy0xV,StepCount,Casio G-Shock,36.0,count,12/15/23 16:01
2023-12-15 16:00:00,154120,Gela Gela Gela,Adnan Sami,Aitraaz - Original Motion Picture Soundtrack,spotify:track:6vwGvxyf8MheLLPUjktu14,StepCount,Casio G-Shock,9.0,count,12/15/23 16:07
2023-12-15 16:10:00,223373,Kiss Me Baby,Adnan Sami,Garam Masala,spotify:track:4gNGi2Mr26me7wGKd8TQSF,StepCount,Casio G-Shock,101.0,count,12/15/23 16:20
2023-12-15 16:20:00,316706,Dil Samander,KK,Garam Masala,spotify:track:7Gwuh1mKBa3SWD7w3giVP5,StepCount,Casio G-Shock,23.0,count,12/15/23 16:25
2023-12-15 16:30:00,267386,Kiss Me Baby - Remix Version,Adnan Sami,Garam Masala,spotify:track:3cqc9kRwulPAcE6eCIYdU6,StepCount,iPhone 4s,63.0,count,12/15/23 16:39
2023-12-15 16:40:00,137153,Gale Lag Ja - Version 1,Javed Ali,De Dana Dan,spotify:track:2yBxVCCJkfCuwhA0GR2VwA,StepCount,iPhone 4s,23.0,count,12/15/23 16:51
2023-12-17 18:10:00,19667,"Radha (From ""Jab Harry Met Sejal"")",Pritam,"Radha (From ""Jab Harry Met Sejal"")",spotify:track:7ztCi9k76A4QmSqWEutFyV,StepCount,Casio G-Shock,113.0,count,12/17/23 18:20
2023-12-20 21:20:00,16945,Offo,Aditi Singh Sharma,2 States,spotify:track:3f26GAn3yOXfoclLyN8AdD,StepCount,iPhone 4s,41.0,count,12/20/23 21:24
2023-12-20 21:50:00,218860,Kabhi Kabhi Aditi,Rashid Ali,Jaane Tu... Ya Jaane Na,spotify:track:3APdIdF8H0jsxSuGOqXedS,StepCount,Casio G-Shock,4.0,count,12/20/23 21:55
2023-12-20 22:00:00,278496,Tere Naina,Shankar-Ehsaan-Loy,My Name Is Khan (Original Motion Picture Soundtrack),spotify:track:3hoXhwP0ub9LdSJV4olDIc,StepCount,Casio G-Shock,22.0,count,12/20/23 22:09
2023-12-20 22:10:00,365665,Sajdaa,Shankar-Ehsaan-Loy,My Name Is Khan (Original Motion Picture Soundtrack),spotify:track:395gJWcJQK0C3GJfHAn7f6,StepCount,iPhone 4s,8.0,count,12/20/23 22:19
2023-12-20 22:20:00,306836,Bol Na Halke Halke,Shankar-Ehsaan-Loy,Jhoom Barabar Jhoom,spotify:track:0u8wprNfOdcWpUlWnfMcpP,StepCount,Casio G-Shock,77.0,count,12/20/23 22:31
2023-12-20 22:30:00,158216,Zehnaseeb,Vishal-Shekhar,Hasee Toh Phasee (Original Motion Picture Soundtrack),spotify:track:3xF15SqY32Mno3UUMBirhU,StepCount,Casio G-Shock,99.0,count,12/20/23 22:40
2023-12-20 22:40:00,1643,Uff Teri Adaa,Shankar Mahadevan,Karthik Calling Karthik,spotify:track:0og9wKFGgFFNQnrBe7eisG,StepCount,iPhone 4s,40.0,count,12/20/23 22:56
2023-12-20 23:20:00,232438,"Ajab Si (From ""Om Shanti Om"")",KK,Zindagi Do Pal Ki - K.K. All Time Hits,spotify:track:2RgvvnMwtP0R2OkVZmFvnV,StepCount,iPhone 4s,31.0,count,12/20/23 23:27
2023-12-21 19:30:00,590,"Kya Mujhe Pyar Hai (From ""Woh Lamhe"")",KK,Evergreen Hits Of K.K.,spotify:track:7fW9J3EpVWVN1ouv0slAs0,StepCount,Casio G-Shock,251.0,count,12/21/23 19:44
2023-12-21 19:40:00,10172,Kaise Mein Kahun Tujhse Lofi Flip,SPECRO X SKETCH,Kaise Mein Kahun Tujhse Lofi Flip,spotify:track:3NpmGCTIPS03kRoeUUfDSq,StepCount,Casio G-Shock,448.0,count,12/21/23 19:54
2023-12-21 19:50:00,241668,Ajab Si,KK,Om Shanti Om,spotify:track:5FXMRdJjKq1BIX4e8Eg9mK,StepCount,Casio G-Shock,74.0,count,12/21/23 20:04
2023-12-21 20:00:00,341027,Labon Ko,Pritam,Bhool Bhulaiyaa,spotify:track:5WncH5iZ5GFlnXm7jKEXVP,StepCount,Casio G-Shock,299.0,count,12/21/23 20:14
2023-12-21 20:10:00,168140,Beete Lamhein,KK,The Train,spotify:track:0zQa7QXLpUZfrrsWbgDZll,StepCount,Casio G-Shock,460.0,count,12/21/23 20:24
2023-12-21 20:20:00,43270,Teri Yaadon Mein,KK,The Killer,spotify:track:4ZVfIGaZP93t0stmBj4FqA,StepCount,iPhone 4s,855.0,count,12/21/23 20:36
2023-12-21 20:40:00,243956,Make Some Noise For The Desi Boyz,Pritam,Desi Boyz,spotify:track:71s7tZo8OGlN3VXyURWLUr,StepCount,iPhone 4s,24.0,count,12/21/23 20:54
2023-12-21 20:50:00,257708,Soniye,KK,Aksar,spotify:track:5O4AGvOVFSs5ipu3iNOuoi,StepCount,iPhone 4s,189.0,count,12/21/23 21:05
2023-12-21 21:00:00,305584,Sajde,Pritam,Khatta Meetha,spotify:track:4N66qcycDiFLJGjnXiKbKX,StepCount,Casio G-Shock,236.0,count,12/21/23 21:12
2023-12-21 21:20:00,7825,Cheliya Cheliya,KK,Gharshanaa,spotify:track:0anBHV3eP4hiHsLQR5AZsm,StepCount,iPhone 4s,465.0,count,12/21/23 21:38
2023-12-21 21:30:00,86522,Sach Keh Raha Hai - LoFi Flip,KK,Lofi Chill Mix,spotify:track:3ftVnkTGV4APsXEPiuB2sa,StepCount,Casio G-Shock,177.0,count,12/21/23 21:46
2023-12-21 21:40:00,392141,Dilnashin Dilnashin,KK,Aashiq Banaya Aapne,spotify:track:6C5CjR1BTqfO5gc0YNcCrP,StepCount,Casio G-Shock,85.0,count,12/21/23 21:57
2023-12-21 21:50:00,342693,Abhi Abhi,KK,Jism 2,spotify:track:1tKhy83q8OsdcpZaX9N4Z2,StepCount,Casio G-Shock,5.0,count,12/21/23 21:59
2023-12-21 22:10:00,333182,Khuda Jaane,Vishal-Shekhar,Bachna Ae Haseeno,spotify:track:0gPgdRfB4jdGrlyXS0Vx78,StepCount,Casio G-Shock,163.0,count,12/21/23 22:19
2023-12-21 22:20:00,163599,"Tu Hi Yaar Mera (From ""Pati Patni Aur Woh"")",Rochak Kohli,"Tu Hi Yaar Mera (From ""Pati Patni Aur Woh"")",spotify:track:57jOEZtoLQK4zF2x55bdkp,StepCount,Casio G-Shock,18.0,count,12/21/23 22:34
2023-12-21 22:30:00,266654,"Kya Mujhe Pyar Hai (From ""Woh Lamhe"")",KK,Evergreen Hits Of K.K.,spotify:track:7fW9J3EpVWVN1ouv0slAs0,StepCount,Casio G-Shock,2.0,count,12/21/23 22:34
2023-12-21 22:40:00,43493,Tu Hi Meri Shab Hai Chill Lofi,Jammy Weirdo,Tu Hi Meri Shab Hai Chill Lofi,spotify:track:0gPqpOLWRhuuXOVnIZYHNF,StepCount,Casio G-Shock,80.0,count,12/21/23 22:58
2023-12-21 22:50:00,241540,Ajab Si,KK,Om Shanti Om,spotify:track:5FXMRdJjKq1BIX4e8Eg9mK,StepCount,Casio G-Shock,38.0,count,12/21/23 23:05
2023-12-22 17:30:00,302166,You Are My Soniya,Sandesh Shandilya,Kabhi Khushi Kabhie Gham (Original Motion Picture Soundtrack),spotify:track:6SDH3mp9sQCNJDfDDpQTTo,StepCount,Casio G-Shock,292.0,count,12/22/23 17:48
2023-12-22 22:10:00,275613,Chori Chori Dil Le Gaya,Hema Sardesai,Garam Masala,spotify:track:4C3hJBeW4hp5IhJfsOStrP,StepCount,Casio G-Shock,147.0,count,12/22/23 22:23
2023-12-22 22:20:00,223373,Kiss Me Baby,Adnan Sami,Garam Masala,spotify:track:4gNGi2Mr26me7wGKd8TQSF,StepCount,Casio G-Shock,228.0,count,12/22/23 22:36
2023-12-25 19:10:00,281573,Tujh Mein Rab Dikhta Hai,Salim–Sulaiman,Rab Ne Bana Di Jodi,spotify:track:2LcXJP95e4HKydTZ2mYfrx,StepCount,Casio G-Shock,20.0,count,12/25/23 19:17
2023-12-25 19:40:00,46680,Small Town Girl,Vishal-Shekhar,Bachna Ae Haseeno,spotify:track:6bRMrsjdHJ6W7zDEep3JlE,StepCount,Casio G-Shock,30.0,count,12/25/23 19:46
2023-12-25 21:10:00,233546,Gora Gora Rang - Remix,Imran Khan,Gora Gora Rang - Remix,spotify:track:4YeK5pxbJa2awZSjwff5Iz,StepCount,iPhone 4s,8.0,count,12/25/23 21:16
2023-12-25 23:00:00,260426,Dil Ne Yeh Kaha Hain Dil Se,Udit Narayan,Dhadkan,spotify:track:1Q9ME2mhsXqwtMszjrSl39,StepCount,Casio G-Shock,29.0,count,12/25/23 23:09
2023-12-26 07:20:00,9210,Salaam-E-Ishq,Sonu Nigam,Salaam-E-Ishq,spotify:track:3oIWJujQwLjGBG8kZGnJkg,StepCount,Casio G-Shock,396.0,count,12/26/23 7:35
2023-12-26 16:10:00,167092,Ajj Din Chadheya,Rahat Fateh Ali Khan,Love Aaj Kal (Original Motion Picture Soundtrack),spotify:track:4NmWv6PEGEAmorN5UN9fRo,StepCount,iPhone 4s,14.0,count,12/26/23 16:19
2023-12-27 15:00:00,343786,Tum Mile,Pritam,Tum Mile (Original Motion Picture Soundtrack),spotify:track:1EjxJHY9A6LMOlvyZdwDly,StepCount,Casio G-Shock,20.0,count,12/27/23 15:09
2024-01-02 02:00:00,1690,"Illegal Weapon 2.0 (From ""Street Dancer 3D"")",Jasmine Sandlas,"Illegal Weapon 2.0 (From ""Street Dancer 3D"")",spotify:track:5fXslGZPI5Cco6PKHzlSL3,StepCount,iPhone 4s,14.0,count,1/2/24 2:05
2024-01-02 03:00:00,980,"O Jaana (From ""RAAZ - The Mystery Continues"")",Raju Singh,KK: Best of Me,spotify:track:4qsRAXFoWRPppSXRw3yoFX,StepCount,iPhone 4s,22.0,count,1/2/24 3:05
2024-01-03 01:30:00,3170,Dus Bahane,Shaan,Dus,spotify:track:1vBmaijoCBoqmwc3zs5n3s,StepCount,iPhone 4s,28.0,count,1/3/24 1:30
2024-01-04 01:30:00,53100,Tera Hone Laga Hoon,Atif Aslam,Best of Romance: Atif Aslam & Pritam,spotify:track:48Ix6ReYdJf2H4mKb3TIpj,StepCount,iPhone 4s,8.0,count,1/4/24 1:36
2024-01-14 06:40:00,1787,Rubaaiyaan,Amit Trivedi,Qala,spotify:track:0ceF2OyfoVe8IQeFcBXZg2,StepCount,Casio G-Shock,788.0,count,1/14/24 6:55
2024-01-14 06:50:00,11470,Ghodey Pe Sawaar,Amit Trivedi,Qala,spotify:track:7wqNKCHh87HfIOGNgfyRCk,StepCount,Casio G-Shock,554.0,count,1/14/24 7:00
2024-01-14 07:20:00,2554,Tumse Hi Tumse,Shekhar Ravjiani,Anjaana Anjaani,spotify:track:6qNyL8lZuqFmy9ginJRQOZ,StepCount,Casio G-Shock,121.0,count,1/14/24 7:34
2024-01-17 06:00:00,279120,You're My Love,Shaan,Partner,spotify:track:6D2ZnEZ92wUFTr38YXTCL5,StepCount,Casio G-Shock,25.0,count,1/17/24 6:09
2024-01-17 07:40:00,139151,Mitwa,Shankar-Ehsaan-Loy,Kabhi Alvida Naa Kehna (Original Motion Picture Soundtrack),spotify:track:4BTPzhEsyW3blWcxcuhLM0,StepCount,Casio G-Shock,23.0,count,1/17/24 7:46
2024-01-19 05:50:00,1648,Udh Jaayega,Sagar Desai,Qala,spotify:track:4v3CXViU9zDIPbuo2aw8lS,StepCount,iPhone 4s,17.0,count,1/19/24 5:51
2024-01-20 05:20:00,225953,"Piya Aaye Na (From ""Aashiqui 2"")",Tulsi Kumar,Mesmeric Voice - Tulsi Kumar,spotify:track:18gi2IxbZ3Ugom7wTRkohf,StepCount,iPhone 4s,671.0,count,1/20/24 5:32
2024-01-20 05:30:00,21640,Tadap Tadap,KK,Hum Dil De Chuke Sanam,spotify:track:6n6hEYHXBzWfdSzBX20ZRw,StepCount,iPhone 4s,846.0,count,1/20/24 5:43
2024-01-20 05:40:00,325590,Labon Ko,Pritam,Bhool Bhulaiyaa,spotify:track:5WncH5iZ5GFlnXm7jKEXVP,StepCount,iPhone 4s,529.0,count,1/20/24 5:51
2024-01-20 05:50:00,11663,Beete Lamhein,KK,The Train,spotify:track:0zQa7QXLpUZfrrsWbgDZll,StepCount,iPhone 4s,658.0,count,1/20/24 6:04
2024-01-20 06:00:00,13889,Uppenantha,Devi Sri Prasad,Aarya - 2 (Original Motion Picture Soundtrack),spotify:track:57zEYntUat0ofbFpoicN26,StepCount,iPhone 4s,70.0,count,1/20/24 6:09
2024-01-20 06:10:00,202478,Such Keh Raha Hai,KK,Rehnaa Hai Terre Dil Mein,spotify:track:0ypgFw67lNEpoKFUxUV0tG,StepCount,iPhone 4s,221.0,count,1/20/24 6:17
2024-01-20 06:20:00,222133,Party On My Mind,Pritam,Race 2,spotify:track:5Rn1DPzSzUktbhuNDDJocS,StepCount,iPhone 4s,459.0,count,1/20/24 6:38
2024-01-20 06:30:00,169319,Sajde,Pritam,Khatta Meetha,spotify:track:4N66qcycDiFLJGjnXiKbKX,StepCount,iPhone 4s,224.0,count,1/20/24 6:44
2024-01-21 19:10:00,161230,Rubaaiyaan,Amit Trivedi,Qala,spotify:track:0ceF2OyfoVe8IQeFcBXZg2,StepCount,Casio G-Shock,245.0,count,1/21/24 19:21
2024-01-21 19:20:00,21410,"Halka Halka (From ""Fanney Khan"")",Sunidhi Chauhan,"Halka Halka (From ""Fanney Khan"")",spotify:track:44O26Gv1wQrlUj14PpTolM,StepCount,iPhone 4s,43.0,count,1/21/24 19:21
2024-01-21 19:40:00,279026,Maine Payal Hai Chhankai,Falguni Pathak,Maine Payal Hai Chhankai & Other Hits,spotify:track:51EUKH2M1QGN50iGUlnxmU,StepCount,iPhone 4s,143.0,count,1/21/24 19:50
2024-01-21 20:10:00,158143,"Tere Vaaste (From ""Zara Hatke Zara Bachke"")",Sachin-Jigar,Zara Hatke Zara Bachke,spotify:track:6GZIAVSu0YXF7FYzyRl1MP,StepCount,Casio G-Shock,37.0,count,1/21/24 20:22
2024-01-25 06:30:00,163294,Agar Tum Mil Gaye,Harsh Lok,Agar Tum Mil Gaye,spotify:track:11ZciqbjvPe9ByRi8eo8qk,StepCount,Casio G-Shock,37.0,count,1/25/24 6:40
2024-01-25 06:40:00,975,Dil Kyun Yeh Mera,KK,Kites,spotify:track:5nHwX7e5XHnie22nuTFgda,StepCount,iPhone 4s,18.0,count,1/25/24 6:45
2024-01-25 23:30:00,40,Hai Junoon,Pritam,New York,spotify:track:5u4q3iqZ9IMbXaR7bsGYbW,StepCount,iPhone 4s,18.0,count,1/25/24 23:34
2024-01-27 02:30:00,157834,Tumse Hi Tumse,Shekhar Ravjiani,Anjaana Anjaani,spotify:track:6qNyL8lZuqFmy9ginJRQOZ,StepCount,Casio G-Shock,7.0,count,1/27/24 2:30
2024-01-28 14:40:00,378160,Where's the Party Tonight,Shankar-Ehsaan-Loy,Kabhi Alvida Naa Kehna (Original Motion Picture Soundtrack),spotify:track:6ECucSdJeJmSm3k1k3Vumv,StepCount,Casio G-Shock,57.0,count,1/28/24 14:45
2024-01-28 15:00:00,1600,Senorita,Farhan Akhtar,Zindagi Na Milegi Dobara,spotify:track:3TAhWtQnpoL5Vl9VQPl9fU,StepCount,Casio G-Shock,17.0,count,1/28/24 15:06
2024-01-28 15:10:00,116059,Tere Sang Yaara,Atif Aslam,Rustom,spotify:track:72CkpVdvmc8t28o8I9N32J,StepCount,Casio G-Shock,54.0,count,1/28/24 15:20
2024-01-29 14:00:00,1850,"Chaand Taare (From ""Yes Boss"")",Abhijeet,My Best Collection,spotify:track:5Cdd8p9sxRczQX6GFC8CdH,StepCount,Casio G-Shock,52.0,count,1/29/24 14:11
2024-01-29 14:40:00,4440,Suno Na Suno Na,Abhijeet,Chalte Chalte,spotify:track:5dS7HcRa9kER2qDba2iSOd,StepCount,iPhone 4s,8.0,count,1/29/24 14:42
2024-01-29 15:30:00,141943,Balma,Shreya Ghoshal,The Second Best Exotic Marigold Hotel (Original Motion Picture Soundtrack),spotify:track:0p5iOuS1ljMtQpaGi4W8Tl,StepCount,Casio G-Shock,75.0,count,1/29/24 15:45
2024-01-30 14:40:00,9888,Pee Loon,Pritam,Once Upon A Time In Mumbaai,spotify:track:52itZ0w0CydihB2JCZEIft,StepCount,iPhone 4s,716.0,count,1/30/24 14:55
2024-01-30 14:50:00,287213,Teri Yaadon Mein,KK,The Killer,spotify:track:4ZVfIGaZP93t0stmBj4FqA,StepCount,Casio G-Shock,99.0,count,1/30/24 14:59
2024-01-30 15:10:00,3661,Kaise Mujhe (Instrumental),A.R. Rahman,Ghajini,spotify:track:02nOZG5WrxCHEYbjjxeZQf,StepCount,Casio G-Shock,18.0,count,1/30/24 15:12
2024-01-31 14:30:00,292000,Ek Din Teri Raahon,Javed Ali,Naqaab - Original Motion Picture Soundtrack,spotify:track:6UEhNvccAc4OyEDJYB5brb,StepCount,Casio G-Shock,19.0,count,1/31/24 14:40
2024-02-01 14:40:00,290250,"Falak Dekhun Sonu Nigam (From ""Garam Masala"")",Sonu Nigam,Bollywood's Musical Extravaganza - Sonu Nigam & Sukhwinder Singh,spotify:track:5XfHmHJNxDl4Tsy29oLD7v,StepCount,iPhone 4s,278.0,count,2/1/24 14:56
2024-02-01 15:00:00,2830,Woh Ladki Hai Kahan,Shaan,Dil Chahta Hai,spotify:track:2tO0QPdCA0jgDBshTuYYkc,StepCount,iPhone 4s,716.0,count,2/1/24 15:15
2024-02-01 15:10:00,332959,Tera Chehra,Adnan Sami,Tera Chehra,spotify:track:14uXhHNINQqjl2hngD21s9,StepCount,iPhone 4s,805.0,count,2/1/24 15:25
2024-02-01 15:20:00,112830,Woh Ladki Hai Kahan,Shaan,Dil Chahta Hai,spotify:track:2tO0QPdCA0jgDBshTuYYkc,StepCount,iPhone 4s,175.0,count,2/1/24 15:29
2024-02-01 17:10:00,17236,Ek Din Teri Raahon,Javed Ali,Naqaab - Original Motion Picture Soundtrack,spotify:track:6UEhNvccAc4OyEDJYB5brb,StepCount,Casio G-Shock,401.0,count,2/1/24 17:24
2024-02-02 15:20:00,117924,Aa Jao Meri Tamanna,Javed Ali,Ajab Prem Ki Ghazab Kahani - Original Motion Picture Soundtrack,spotify:track:30IOhjcKbULQUt66nYkUvW,StepCount,iPhone 4s,346.0,count,2/2/24 15:36
2024-02-04 14:30:00,5404,Kuchh Khaas,Mohit Chauhan,Fashion,spotify:track:01npLGQTbZBIHVRcXJbLzR,StepCount,iPhone 4s,33.0,count,2/4/24 14:30
2024-02-05 14:40:00,3480,Lagan Laagi Re,Amit Trivedi,Songs of Love,spotify:track:3bM0sCyyhglscs8EvsBZ36,StepCount,Casio G-Shock,14.0,count,2/5/24 14:40
2024-02-05 20:10:00,16218,Tum Bhi Ho Wahi,Vishal Dadlani,Kites,spotify:track:0G4CQZIR5myNS3kAU13o7v,StepCount,Casio G-Shock,19.0,count,2/5/24 20:14
2024-02-05 20:20:00,333200,Dil Kyun Yeh Mera,KK,Kites,spotify:track:5nHwX7e5XHnie22nuTFgda,StepCount,Casio G-Shock,25.0,count,2/5/24 20:29
2024-02-05 20:40:00,18880,Nirbhau Nirvair,Amit Trivedi,Qala,spotify:track:57efukexqcKkzBc1X9eQUu,StepCount,Casio G-Shock,36.0,count,2/5/24 20:46
2024-02-07 14:30:00,70200,Toh Phir Aao,Mustafa Zahid,Awarapan (Original Soundtrack),spotify:track:4chxJYv0qsOKQukt6cKp97,StepCount,Casio G-Shock,16.0,count,2/7/24 14:30
2024-02-08 15:10:00,49510,Dil Kyun Yeh Mera,KK,Kites,spotify:track:5nHwX7e5XHnie22nuTFgda,StepCount,iPhone 4s,582.0,count,2/8/24 15:23
2024-02-09 14:10:00,2510,Shauq,Amit Trivedi,Qala,spotify:track:2I0MIQhICYnKHvaxUHYH49,StepCount,Casio G-Shock,4.0,count,2/9/24 14:18
2024-02-09 14:40:00,249660,Dildaara (Stand By Me),Shafqat Amanat Ali,Ra-One,spotify:track:6ZoCBDOB308GqUdt2AJrV2,StepCount,Casio G-Shock,7.0,count,2/9/24 14:40
2024-02-10 01:10:00,70258,Mitti Di Khushboo,Rochak Kohli,Mitti Di Khushboo,spotify:track:7tp4iYvcZksGp1u7feUrrO,StepCount,Casio G-Shock,8.0,count,2/10/24 1:14
2024-02-10 21:30:00,792,Ek Din Teri Raahon,Javed Ali,Naqaab - Original Motion Picture Soundtrack,spotify:track:6UEhNvccAc4OyEDJYB5brb,StepCount,Casio G-Shock,48.0,count,2/10/24 21:34
2024-02-10 21:40:00,2406,Kiya Kiya,Anand Raj Anand,Welcome,spotify:track:0YCPCY9WhQFMFtoSpj6dhL,StepCount,iPhone 4s,33.0,count,2/10/24 21:53
2024-02-10 21:50:00,291836,Mann Ki Lagan,Rahat Fateh Ali Khan,Paap,spotify:track:0s8fGVzyn6URNrUVwCE3dV,StepCount,iPhone 4s,55.0,count,2/10/24 22:01
2024-02-12 17:20:00,2050,Guzarish,Javed Ali,Ghajini,spotify:track:2MvCNH9ua0CeOgUQfZf56z,StepCount,Casio G-Shock,8.0,count,2/12/24 17:24
2024-02-12 19:30:00,1055,Pani Da Rang - Male Vocals,Ayushmann Khurrana,Vicky Donor (Original Motion Picture Soundtrack),spotify:track:4kaLkst9lT3sQ5Crgxs3ic,StepCount,Casio G-Shock,52.0,count,2/12/24 19:45
2024-02-12 19:40:00,284573,Jab Se Tere Naina,Monty Sharma,Saawariya (Original Motion Picture Soundtrack),spotify:track:0gRNu9dVzi5aC87AI1empZ,StepCount,iPhone 4s,33.0,count,2/12/24 19:48
2024-02-12 19:50:00,13566,Dildaara (Stand By Me),Shafqat Amanat Ali,Ra-One,spotify:track:6ZoCBDOB308GqUdt2AJrV2,StepCount,Casio G-Shock,24.0,count,2/12/24 20:05
2024-02-12 20:00:00,218836,Kabhi Kabhi Aditi,Rashid Ali,Jaane Tu... Ya Jaane Na,spotify:track:3APdIdF8H0jsxSuGOqXedS,StepCount,iPhone 4s,49.0,count,2/12/24 20:12
2024-02-12 20:20:00,279909,Jaadu Teri Nazar,Udit Narayan,Darr,spotify:track:6fIVkFeP4tk5CzFTPDf9PE,StepCount,iPhone 4s,164.0,count,2/12/24 20:32
2024-02-12 20:40:00,378160,Where's the Party Tonight,Shankar-Ehsaan-Loy,Kabhi Alvida Naa Kehna (Original Motion Picture Soundtrack),spotify:track:6ECucSdJeJmSm3k1k3Vumv,StepCount,Casio G-Shock,153.0,count,2/12/24 20:55
2024-02-12 20:50:00,296890,Kuchh Khaas,Mohit Chauhan,Fashion,spotify:track:01npLGQTbZBIHVRcXJbLzR,StepCount,Casio G-Shock,48.0,count,2/12/24 20:56
2024-02-12 21:00:00,1183,Jeena Jeena,Atif Aslam,Badlapur (Original Motion Picture Soundtrack),spotify:track:2GXXZFUxYg2LvG8SR0byOE,StepCount,iPhone 4s,119.0,count,2/12/24 21:09
2024-02-12 21:20:00,2028,Chunnari Chunnari,Abhijeet,Biwi No. 1 - Original Motion Picture Soundtrack,spotify:track:18AId3X5GULxDCCjyRTCIQ,StepCount,Casio G-Shock,42.0,count,2/12/24 21:26
2024-02-12 21:50:00,218410,"Kaun Tujhe (From ""M.S.Dhoni - The Untold Story"")",Palak Muchhal,Best Of Palak Muchhal,spotify:track:1q6pMQBRILzkz0g4rKEXdM,StepCount,iPhone 4s,38.0,count,2/12/24 21:55
2024-02-12 22:00:00,31120,Saathiyaa,Shreya Ghoshal,Singham,spotify:track:1sNCUR5bUvFSQVDYEvsHCU,StepCount,Casio G-Shock,83.0,count,2/12/24 22:09
2024-02-12 23:00:00,327300,Humko Pyar Hua,Pritam,Ready,spotify:track:4cltuh2RNH0LyZY9I8Vi08,StepCount,Casio G-Shock,2.0,count,2/12/24 23:06
2024-02-13 14:40:00,50716,Ada - Remix Version,Sonu Nigam,Garam Masala,spotify:track:5dPiB4bS7wAzlP3FN7vh6e,StepCount,iPhone 4s,546.0,count,2/13/24 14:57
2024-02-13 14:50:00,45270,You're My Love,Shaan,Partner,spotify:track:6D2ZnEZ92wUFTr38YXTCL5,StepCount,Casio G-Shock,379.0,count,2/13/24 15:06
2024-02-13 15:00:00,237283,"Falak Dekhun Sonu Nigam (From ""Garam Masala"")",Sonu Nigam,Bollywood's Musical Extravaganza - Sonu Nigam & Sukhwinder Singh,spotify:track:5XfHmHJNxDl4Tsy29oLD7v,StepCount,Casio G-Shock,449.0,count,2/13/24 15:13
2024-02-17 17:50:00,640,Where's the Party Tonight,Shankar-Ehsaan-Loy,Kabhi Alvida Naa Kehna (Original Motion Picture Soundtrack),spotify:track:6ECucSdJeJmSm3k1k3Vumv,StepCount,Casio G-Shock,845.0,count,2/17/24 18:09
2024-02-17 18:00:00,830,Dus Bahane,Shaan,Dus,spotify:track:1vBmaijoCBoqmwc3zs5n3s,StepCount,Casio G-Shock,79.0,count,2/17/24 18:16
2024-02-17 21:20:00,864,"Abcd -Yaariyan (From ""Yaariyan"")",Benny Dayal,Yo Yo Honey Singh Is Back,spotify:track:3pIshEbdyNMF3hW1MnZB58,StepCount,Casio G-Shock,58.0,count,2/17/24 21:38
2024-02-17 21:50:00,243879,"Piya Aaye Na (From ""Aashiqui 2"")",Tulsi Kumar,Mesmeric Voice - Tulsi Kumar,spotify:track:18gi2IxbZ3Ugom7wTRkohf,StepCount,iPhone 4s,118.0,count,2/17/24 22:06
2024-02-18 14:20:00,4590,Lucky Tu Lucky Me,Sachin-Jigar,Humpty Sharma Ki Dulhania (Original Motion Picture Soundtrack),spotify:track:7wVuc5To4LyVZvZllNSlpB,StepCount,iPhone 4s,160.0,count,2/18/24 14:28
2024-02-18 15:10:00,5860,Main Khiladi Tu Anari,Abhijeet,Main Khiladi Tu Anari,spotify:track:75HJYgb0KguhgWBjpx5iWH,StepCount,iPhone 4s,10.0,count,2/18/24 15:10
2024-02-21 16:40:00,154650,Achchi Lagti Ho,Udit Narayan,Kuch Naa Kaho,spotify:track:122FCMf052psls9894JYlf,StepCount,Casio G-Shock,4.0,count,2/21/24 16:42
2024-02-21 17:30:00,257929,Koi Kahe Kehta Rahe,Shankar Mahadevan,Dil Chahta Hai,spotify:track:5zKRKQwLVBT1WDJE7XJrnm,StepCount,Casio G-Shock,5.0,count,2/21/24 17:32
2024-02-21 23:50:00,139770,O' Mama,Vishal Bhardwaj,7 Khoon Maaf (Original Motion Picture Soundtrack),spotify:track:5BGnQWWgXLfuVdu0XTwMfb,StepCount,Casio G-Shock,18.0,count,2/22/24 0:01
2024-02-22 18:20:00,367970,O' Mama,Vishal Bhardwaj,7 Khoon Maaf (Original Motion Picture Soundtrack),spotify:track:5BGnQWWgXLfuVdu0XTwMfb,StepCount,Casio G-Shock,65.0,count,2/22/24 18:36
2024-02-24 21:10:00,222133,Party On My Mind,Pritam,Race 2,spotify:track:5Rn1DPzSzUktbhuNDDJocS,StepCount,Casio G-Shock,19.0,count,2/24/24 21:15
2024-02-24 21:20:00,317000,"Main Koi Aisa Geet Gaoon (From ""Yes Boss"")",Abhijeet,Sensational Duets,spotify:track:4hLShJ4RCa2KhqVHD7MRDn,StepCount,iPhone 4s,112.0,count,2/24/24 21:33
2024-02-24 21:30:00,280974,"Ye Ishq Hai (From ""Jab We Met"")",Shreya Ghoshal,Best Of Shreya Ghoshal,spotify:track:1UHVj0W8BRn08AXvWcv8i6,StepCount,Casio G-Shock,445.0,count,2/24/24 21:47
2024-02-24 21:40:00,207789,"Kalaastar (From ""Honey 3.0"")",Yo Yo Honey Singh,"Kalaastar (From ""Honey 3.0"")",spotify:track:1sZFDDmmBVkcHOpV6AB0Nx,StepCount,Casio G-Shock,416.0,count,2/24/24 21:57
2024-02-24 21:50:00,360437,Agar Tum Mil Jao,Shreya Ghoshal,Zeher,spotify:track:23gpA0ZDwhkizbU0NMyMsW,StepCount,Casio G-Shock,274.0,count,2/24/24 22:07
2024-02-24 22:00:00,133237,"Beete Lamhein (From ""The Train"")",KK,Zindagi Do Pal Ki - K.K. All Time Hits,spotify:track:0dJacN6K3mSGLE9p7QE0lO,StepCount,Casio G-Shock,82.0,count,2/24/24 22:10
2024-02-24 22:20:00,259146,"Chaand Taare (From ""Yes Boss"")",Abhijeet,My Best Collection,spotify:track:5Cdd8p9sxRczQX6GFC8CdH,StepCount,Casio G-Shock,49.0,count,2/24/24 22:37
2024-02-24 22:30:00,569373,"Piya Aaye Na (From ""Aashiqui 2"")",Tulsi Kumar,Mesmeric Voice - Tulsi Kumar,spotify:track:18gi2IxbZ3Ugom7wTRkohf,StepCount,Casio G-Shock,23.0,count,2/24/24 22:43
2024-02-24 22:40:00,103264,Chaand Baaliyan,Aditya A,Chaand Baaliyan,spotify:track:0snQrp1VaY5Pj1YIHRJpRJ,StepCount,Casio G-Shock,9.0,count,2/24/24 22:48
2024-02-25 20:00:00,5418,Kuchh Khaas,Mohit Chauhan,Fashion,spotify:track:01npLGQTbZBIHVRcXJbLzR,StepCount,iPhone 4s,65.0,count,2/25/24 20:06
2024-02-25 20:10:00,254989,Hey Ya !,Clinton Cerejo,Karthik Calling Karthik,spotify:track:1qTh7hzjd361hjuzeaMFWK,StepCount,Casio G-Shock,38.0,count,2/25/24 20:21
2024-02-26 16:50:00,79449,Oh Girl You're Mine .,Tarun Sagar,Housefull,spotify:track:4O5ERhWIhAnBelhNDHcSlA,StepCount,Casio G-Shock,21.0,count,2/26/24 16:54
2024-02-27 23:20:00,1860,Arjan Vailly,Manan Bhardwaj,ANIMAL,spotify:track:4ApCig0GTR4IEp7Ijsyo3r,StepCount,Casio G-Shock,9.0,count,2/27/24 23:25
2024-02-28 20:30:00,253312,"Beete Lamhein (From ""The Train"")",KK,Zindagi Do Pal Ki - K.K. All Time Hits,spotify:track:0dJacN6K3mSGLE9p7QE0lO,StepCount,Casio G-Shock,628.0,count,2/28/24 20:49
2024-02-28 20:40:00,127402,Rock On!!,Farhan Akhtar,Rock On,spotify:track:6fABlNfAOylt7ZxfX8K1XL,StepCount,Casio G-Shock,688.0,count,2/28/24 20:59
2024-02-28 20:50:00,108441,Jhoom,Shankar-Ehsaan-Loy,Jhoom Barabar Jhoom,spotify:track:3YUQ5J2KaU9GnsNTGutOlk,StepCount,Casio G-Shock,755.0,count,2/28/24 21:09
2024-02-28 21:00:00,2513,Woh Ladki Hai Kahan,Shaan,Dil Chahta Hai,spotify:track:2tO0QPdCA0jgDBshTuYYkc,StepCount,iPhone 4s,212.0,count,2/28/24 21:15
2024-02-28 21:10:00,22709,O Meri Jaan,Pritam,Life In A Metro (Original Motion Picture Soundtrack),spotify:track:6qMB7GsJd7L8sqEvQGWQl6,StepCount,Casio G-Shock,203.0,count,2/28/24 21:15
2024-02-28 21:40:00,254108,Channa Vey,Kunal Ganjawala,Channa Vey,spotify:track:3At4t5vZ0lDuNWLBPEk6Ck,StepCount,Casio G-Shock,61.0,count,2/28/24 21:49
2024-02-28 21:50:00,316360,Tauba Tumhare Ishare,Abhijeet,Chalte Chalte,spotify:track:6kzj1MWS5tFsoOZUz4c8Hc,StepCount,iPhone 4s,29.0,count,2/28/24 21:56
2024-02-28 22:00:00,231240,Wake Up Sid!,Shankar-Ehsaan-Loy,Wake Up Sid (Original Motion Picture Soundtrack),spotify:track:4BJI0anpEdv4uUw3fUXYpr,StepCount,iPhone 4s,121.0,count,2/28/24 22:16
2024-02-28 22:10:00,233717,"Dhoop Paani Bahne De (From ""Sherdil - The Pilibhit Saga"")",KK,"Dhoop Paani Bahne De (From ""Sherdil - The Pilibhit Saga"")",spotify:track:2bEECW5mtoD1Glxip0hpB5,StepCount,iPhone 4s,17.0,count,2/28/24 22:16
2024-02-28 22:20:00,7387,Meethi Boliyaan,Amit Trivedi,Celebrate Kai Po Che (Original Motion Picture Soundtrack),spotify:track:5stDfeX6w6k3lGySCjG5Ht,StepCount,Casio G-Shock,6.0,count,2/28/24 22:29
2024-02-29 16:50:00,19003,Tujh Mein Rab Dikhta Hai - LoFi Mix,Salim–Sulaiman,Tujh Mein Rab Dikhta Hai - LoFi Mix,spotify:track:3vYk2VXjV8WFqadqzp1gtF,StepCount,Casio G-Shock,18.0,count,2/29/24 17:02
2024-02-29 17:10:00,900,Rock On!!,Farhan Akhtar,Rock On,spotify:track:6fABlNfAOylt7ZxfX8K1XL,StepCount,Casio G-Shock,251.0,count,2/29/24 17:23
2024-02-29 17:20:00,30311,Halka Halka Suroor,Arsh Mohammed,Halka Halka Suroor,spotify:track:6NPkq2zm37C2QK8KFFCIfS,StepCount,Casio G-Shock,79.0,count,2/29/24 17:32
2024-02-29 17:30:00,9643,Twist,Neeraj Shridhar,Love Aaj Kal (Original Motion Picture Soundtrack),spotify:track:7gl8XJ8EmiObfSFppTATt6,StepCount,Casio G-Shock,199.0,count,2/29/24 17:45
2024-03-01 18:40:00,27297,Tum Bhi Ho Wahi,Vishal Dadlani,Kites,spotify:track:0G4CQZIR5myNS3kAU13o7v,StepCount,Casio G-Shock,36.0,count,3/1/24 18:49
2024-03-01 19:20:00,1120,Zindagi Do Pal Ki,KK,Kites,spotify:track:3s6H6UW7yPu2rsF8CGki60,StepCount,Casio G-Shock,79.0,count,3/1/24 19:32
2024-03-01 19:30:00,264913,"Raat Akeli Thi (From ""Merry Christmas"")",Pritam,"Raat Akeli Thi (From ""Merry Christmas"")",spotify:track:4sKISeqmcPixT0rim339VH,StepCount,Casio G-Shock,95.0,count,3/1/24 19:43
2024-03-01 19:40:00,183087,Tumse Hi Tumse,Shekhar Ravjiani,Anjaana Anjaani,spotify:track:6qNyL8lZuqFmy9ginJRQOZ,StepCount,Casio G-Shock,49.0,count,3/1/24 19:49
2024-03-01 20:00:00,285108,I Am In Love,Pritam,Once Upon A Time In Mumbaai,spotify:track:3FS3ItpUATpALLi90uvkde,StepCount,iPhone 4s,150.0,count,3/1/24 20:14
2024-03-01 20:10:00,2271,You're My Love,Shaan,Partner,spotify:track:6D2ZnEZ92wUFTr38YXTCL5,StepCount,iPhone 4s,29.0,count,3/1/24 20:19
2024-03-01 20:30:00,247381,"Halka Halka (From ""Fanney Khan"")",Sunidhi Chauhan,"Halka Halka (From ""Fanney Khan"")",spotify:track:44O26Gv1wQrlUj14PpTolM,StepCount,iPhone 4s,67.0,count,3/1/24 20:40
2024-03-01 20:40:00,1952,Aashayein,KK,Iqbal - Original Motion Picture Soundtrack,spotify:track:0d54B7VI12WOMK8AoIWllf,StepCount,iPhone 4s,26.0,count,3/1/24 20:48
2024-03-01 20:50:00,281322,Soch Na Sake,Amaal Mallik,Airlift,spotify:track:6mTvwBzWTGDOVeCNQEqtOE,StepCount,iPhone 4s,65.0,count,3/1/24 21:02
2024-03-01 21:10:00,304899,"Chahun Main Ya Naa (From ""Aashiqui 2"")",Palak Muchhal,Best Of Palak Muchhal,spotify:track:7Imk0IG6S5GA5iYWkjmMW5,StepCount,Casio G-Shock,62.0,count,3/1/24 21:14
2024-03-01 21:20:00,15903,Tujhko Jo Paaya,Pritam,Crook (Original Motion Picture Soundtrack),spotify:track:62kyw2ux2p0CZ7pKWtM6QO,StepCount,Casio G-Shock,59.0,count,3/1/24 21:36
2024-03-01 21:30:00,334053,Bhage Re Mann,Sunidhi Chauhan,Chameli,spotify:track:2RktkeigsgvhuRNQl0ioGS,StepCount,Casio G-Shock,36.0,count,3/1/24 21:40
2024-03-01 22:00:00,42762,Hasi - Female Version,Ami Mishra,Hamari Adhuri Kahani (Original Motion Picture Soundtrack),spotify:track:1cmZbGkCEVVAck2MsWpPYQ,StepCount,iPhone 4s,74.0,count,3/1/24 22:02
2024-03-01 22:20:00,285686,Abhi Kuch Dino Se,Pritam,Dil Toh Baccha Hai Ji,spotify:track:1QufGJee7k9v4Cfp2NxXbv,StepCount,iPhone 4s,27.0,count,3/1/24 22:24
2024-03-04 20:10:00,127000,Jee Karda - Rock Version,Divya Kumar,Badlapur (Original Motion Picture Soundtrack),spotify:track:37Z0JtMr9BBTpD1TPClCY3,StepCount,Casio G-Shock,229.0,count,3/4/24 20:23
2024-03-04 20:20:00,305845,Mile Ho Tum - Reprise,Tony Kakkar,The Neha Kakkar Collection,spotify:track:2Z3UkfPcSdLlBTmysMp7it,StepCount,Casio G-Shock,650.0,count,3/4/24 20:33
2024-03-04 20:50:00,285619,Zara Zara Touch Me,Monali Thakur,Race - Original Motion Picture Soundtrack,spotify:track:15BmNnMZTnPTawkFaJv1JR,StepCount,iPhone 4s,15.0,count,3/4/24 20:50
2024-03-04 21:20:00,249692,"Afeemi (From ""Meri Pyaari Bindu "")",Sachin-Jigar,YRF Top 10 - Midnight Hour,spotify:track:6J31lR4ZqpRPAjOqzX5lCu,StepCount,Casio G-Shock,24.0,count,3/4/24 21:32
2024-03-04 21:30:00,299573,Rab Ka Shukrana,Pritam,Jannat 2 (Original Motion Picture Soundtrack),spotify:track:2VJIaxgWeyw9loL1sqKl7c,StepCount,iPhone 4s,507.0,count,3/4/24 21:49
2024-03-04 21:40:00,16700,Yaariyaan - Male Vocals,Mohan Kannan,Cocktail (Original Motion Picture Soundtrack),spotify:track:0EiZCuVOP3E9MobSidssSC,StepCount,iPhone 4s,690.0,count,3/4/24 21:59
2024-03-04 21:50:00,88090,Chaand Baaliyan,Aditya A,Chaand Baaliyan,spotify:track:0snQrp1VaY5Pj1YIHRJpRJ,StepCount,iPhone 4s,805.0,count,3/4/24 22:09
2024-03-04 22:00:00,760,"Deewana Kar Raha Hai (From ""Raaz 3"")",Javed Ali,Teri Jhalak Asharfi Javed Ali Hits,spotify:track:2uaj8aT0FXxqbBarhLmRHv,StepCount,iPhone 4s,696.0,count,3/4/24 22:19
2024-03-04 22:10:00,210951,Naina Da Kya Kasoor,Amit Trivedi,Andhadhun,spotify:track:2g3o6I7YuKFEUn9OOfuAfP,StepCount,Casio G-Shock,306.0,count,3/4/24 22:21
2024-03-04 22:20:00,241213,Second Hand Jawaani,Miss Pooja,Cocktail (Original Motion Picture Soundtrack),spotify:track:7kz0NubU5M4k9kdARMBlFK,StepCount,Casio G-Shock,99.0,count,3/4/24 22:39
2024-03-04 22:30:00,76418,Hawayein,Pritam,Jab Harry Met Sejal (Original Motion Picture Soundtrack),spotify:track:0l6g8Z8mqGbGXFOjigYetD,StepCount,Casio G-Shock,32.0,count,3/4/24 22:40
2024-03-06 14:30:00,374980,Behka,Karthik,Ghajini,spotify:track:0prCd0oIexRBiok6kBOeLp,StepCount,Casio G-Shock,39.0,count,3/6/24 14:42
2024-03-06 14:50:00,14120,Party On My Mind,Pritam,Race 2,spotify:track:5Rn1DPzSzUktbhuNDDJocS,StepCount,Casio G-Shock,23.0,count,3/6/24 14:56
2024-03-06 15:30:00,127010,Dil Kyun Yeh Mera,KK,Kites,spotify:track:5nHwX7e5XHnie22nuTFgda,StepCount,Casio G-Shock,10.0,count,3/6/24 15:43
2024-03-08 05:10:00,141760,Saawariya,Monty Sharma,Saawariya (Original Motion Picture Soundtrack),spotify:track:5T6yrJuKWnkCH2OlQsoO7z,StepCount,Casio G-Shock,26.0,count,3/8/24 5:13
2024-03-08 18:50:00,183334,I Am In Love,Pritam,Once Upon A Time In Mumbaai,spotify:track:3FS3ItpUATpALLi90uvkde,StepCount,Casio G-Shock,288.0,count,3/8/24 19:06
2024-03-08 19:00:00,281759,"Piya Aaye Na (From ""Aashiqui 2"")",Tulsi Kumar,Mesmeric Voice - Tulsi Kumar,spotify:track:18gi2IxbZ3Ugom7wTRkohf,StepCount,Casio G-Shock,349.0,count,3/8/24 19:15
2024-03-08 19:10:00,341933,Tu Jaane Na,Atif Aslam,Best of Romance: Atif Aslam & Pritam,spotify:track:5vGiuYFSGekGLgbxhV1rD5,StepCount,Casio G-Shock,272.0,count,3/8/24 19:26
2024-03-08 19:20:00,206010,Is Qadar,Tulsi Kumar,Is Qadar,spotify:track:3Rvdqwgbr3rryZkNRrItt3,StepCount,Casio G-Shock,160.0,count,3/8/24 19:37
2024-03-08 19:30:00,3320,I Love You,Pritam,Bodyguard,spotify:track:5bHDGWyIFML1LYXZWTD5MF,StepCount,Casio G-Shock,459.0,count,3/8/24 19:47
2024-03-08 19:50:00,106880,Mujhe Peene Do,Darshan Raval,Mujhe Peene Do,spotify:track:3FbZoPzEaUBOD84l1FwFEH,StepCount,iPhone 4s,206.0,count,3/8/24 20:03
2024-03-08 20:00:00,221920,Jiska Mujhe Tha Intezar,Lata Mangeshkar,Don,spotify:track:5OGGLFWdNAh5cpxMLARj4x,StepCount,iPhone 4s,499.0,count,3/8/24 20:16
2024-03-08 20:10:00,127032,"Gore Rang Pe Itna Gumaan Na Kar - From ""Roti""",Kishore Kumar,Kishore Kumar Most Loved Hits 2023,spotify:track:1s6p3DeduWgkjNmBnteoKJ,StepCount,iPhone 4s,240.0,count,3/8/24 20:26
2024-03-08 20:20:00,17500,Kya Khoob Lagti Ho,Mukesh,Dharmatma,spotify:track:3h5YZTfJ4BBpvLVHS6lGUl,StepCount,iPhone 4s,251.0,count,3/8/24 20:29
2024-03-08 20:30:00,72440,Bheegey Hont,Kunal Ganjawala,Murder,spotify:track:3GXnz7MM5tMl7bvkTPx8WQ,StepCount,Casio G-Shock,46.0,count,3/8/24 20:43
2024-03-08 21:00:00,277123,Dil Keh Reha Ha,Kunal Ganjawala,Kyon Ki - It's Fate,spotify:track:3FrY3M9izNqPZRWuBAqDFM,StepCount,Casio G-Shock,73.0,count,3/8/24 21:14
2024-03-08 21:20:00,14539,Kaise Mein Kahun Tujhse,KK,Rehnaa Hai Terre Dil Mein,spotify:track:5CQyJJH6MJIy3XnQae81DU,StepCount,Casio G-Shock,284.0,count,3/8/24 21:29
2024-03-08 21:30:00,140,Commentary Tabussum And Mere Angne Mein - Laawaris,Tabassum,Flash Back - Amitabh Bachchan With Tabassum,spotify:track:2QYLPZvXNVmDuczk4MGCGS,StepCount,Casio G-Shock,79.0,count,3/8/24 21:34
2024-03-08 21:40:00,302643,Bheegi Bheegi Raton Mein,Adnan Sami,Kabhi To Nazar Milao/Bheegi Bheegi raton Mein,spotify:track:3czT4fZGk8us5RpAU3X3KM,StepCount,iPhone 4s,22.0,count,3/8/24 21:42
2024-03-08 22:00:00,312786,Maine Dil Se Kaha,KK,Rog,spotify:track:0dZjWF8uklfNUHiPS2vC6E,StepCount,iPhone 4s,102.0,count,3/8/24 22:08
2024-03-08 22:10:00,115020,"Dillagi Ne Di Hawa - From ""Dostana""",Kishore Kumar,Kishore Kumar Most Loved Hits 2023,spotify:track:76bnpzmTROmxVtWMeCstCk,StepCount,Casio G-Shock,136.0,count,3/8/24 22:23
2024-03-08 22:20:00,184420,Chale Jaise Hawaien,KK,Main Hoon Na,spotify:track:3pRF060IEOI5XSQAvONgSt,StepCount,iPhone 4s,61.0,count,3/8/24 22:37
2024-03-09 20:50:00,29270,Dil Mera Churaya Kyun,Kumar Sanu,Akele Hum Akele Tum,spotify:track:4OvdhTOjq75CvPO6O7AWRw,StepCount,Casio G-Shock,6.0,count,3/9/24 20:58
2024-03-09 21:30:00,531300,Saat Samundar Paar Happy,Sadhana Sargam,Vishwatma,spotify:track:5R6T1zVAE6cpBorNs8MVGU,StepCount,Casio G-Shock,170.0,count,3/9/24 21:43
2024-03-09 22:20:00,257300,"Piya Aaye Na (From ""Aashiqui 2"")",Tulsi Kumar,Mesmeric Voice - Tulsi Kumar,spotify:track:18gi2IxbZ3Ugom7wTRkohf,StepCount,iPhone 4s,30.0,count,3/9/24 22:28
2024-03-10 00:00:00,129013,Aa Jao Meri Tamanna,Javed Ali,Ajab Prem Ki Ghazab Kahani - Original Motion Picture Soundtrack,spotify:track:30IOhjcKbULQUt66nYkUvW,StepCount,Casio G-Shock,49.0,count,3/10/24 0:05
2024-03-11 20:00:00,224735,Dekhte Dekhte,Atif Aslam,Batti Gul Meter Chalu,spotify:track:1scGwkyXNCl19wrBDhnAWg,StepCount,Casio G-Shock,34.0,count,3/11/24 20:10
2024-03-11 20:10:00,177043,"Photo (From ""Luka Chuppi"")",Karan Sehmbi,"Photo (From ""Luka Chuppi"")",spotify:track:5wdlz4N7s1Xyr4y4RXhZJM,StepCount,iPhone 4s,659.0,count,3/11/24 20:24
2024-03-11 20:20:00,88401,"Dheeme Dheeme (From ""Pati Patni Aur Woh"")",Tony Kakkar,"Dheeme Dheeme (From ""Pati Patni Aur Woh"")",spotify:track:7ofWUKeNCUw1P64ArIwG9b,StepCount,iPhone 4s,154.0,count,3/11/24 20:29
2024-03-11 20:30:00,286120,"Piya Aaye Na (From ""Aashiqui 2"")",Tulsi Kumar,Mesmeric Voice - Tulsi Kumar,spotify:track:18gi2IxbZ3Ugom7wTRkohf,StepCount,Casio G-Shock,233.0,count,3/11/24 20:40
2024-03-11 20:40:00,21357,Hamari Atariya,Rekha Bhardwaj,Dedh Ishqiya,spotify:track:2hykXvjXceH1wGiJErDJjj,StepCount,Casio G-Shock,51.0,count,3/11/24 20:55
2024-03-11 21:10:00,329386,Dil Ibaadat,Pritam,Tum Mile (Original Motion Picture Soundtrack),spotify:track:3Kl8p2PxVf8eAayLwTxOIm,StepCount,Casio G-Shock,99.0,count,3/11/24 21:22
2024-03-11 21:30:00,208093,Darling,Vishal Bhardwaj,7 Khoon Maaf (Original Motion Picture Soundtrack),spotify:track:6z3p3Gm5FOH1n22ummzEh7,StepCount,iPhone 4s,3.0,count,3/11/24 21:34
2024-03-14 20:10:00,182348,Saari Duniya Jalaa Denge,Jaani,ANIMAL,spotify:track:0YxKKO272sacGBJKjf6FnB,StepCount,Casio G-Shock,305.0,count,3/14/24 20:21
2024-03-14 20:20:00,139810,Meri Jaan,Sanjay Leela Bhansali,Gangubai Kathiawadi,spotify:track:4iEGv5Ne6HuCkFCjzxdWQK,StepCount,Casio G-Shock,78.0,count,3/14/24 20:32
2024-03-18 20:50:00,238028,Ishq Wala Love,Vishal-Shekhar,Student of the Year (Original Motion Picture Soundtrack),spotify:track:1hQia6rxgfM1ly2hE3StWp,StepCount,iPhone 4s,40.0,count,3/18/24 20:58
2024-03-18 21:20:00,254989,Hey Ya !,Clinton Cerejo,Karthik Calling Karthik,spotify:track:1qTh7hzjd361hjuzeaMFWK,StepCount,Casio G-Shock,34.0,count,3/18/24 21:23
2024-03-23 19:20:00,18154,O Jaana,Raju Singh,Yaad Aayenge Ye Pal,spotify:track:1HmW7N27GQItxBR5dTqjZy,StepCount,Casio G-Shock,114.0,count,3/23/24 19:33
2024-03-23 19:30:00,2809,Teri Yaadon Se,Pranay.M. Rijia,Blood Money (Original Motion Picture Soundtrack),spotify:track:0FXXvePGfMxgENnXLpBc76,StepCount,Casio G-Shock,278.0,count,3/23/24 19:43
2024-03-23 19:40:00,11400,Yeshu,Vishal Bhardwaj,7 Khoon Maaf (Original Motion Picture Soundtrack),spotify:track:1EVQARwoReCwJXAZRg2twn,StepCount,iPhone 4s,136.0,count,3/23/24 19:56
2024-03-23 19:50:00,0,Dil Mera Churaya Kyun,Kumar Sanu,Akele Hum Akele Tum,spotify:track:4OvdhTOjq75CvPO6O7AWRw,StepCount,iPhone 4s,340.0,count,3/23/24 20:02
2024-03-23 20:00:00,214598,O Jaana,Raju Singh,Yaad Aayenge Ye Pal,spotify:track:1HmW7N27GQItxBR5dTqjZy,StepCount,iPhone 4s,106.0,count,3/23/24 20:10
2024-03-23 20:50:00,203630,O Jaana,Raju Singh,Yaad Aayenge Ye Pal,spotify:track:1HmW7N27GQItxBR5dTqjZy,StepCount,Casio G-Shock,947.0,count,3/23/24 21:06
2024-03-29 20:40:00,173237,"Raat Akeli Thi (From ""Merry Christmas"")",Pritam,"Raat Akeli Thi (From ""Merry Christmas"")",spotify:track:4sKISeqmcPixT0rim339VH,StepCount,Casio G-Shock,111.0,count,3/29/24 20:53
2024-03-29 21:00:00,254989,Hey Ya !,Clinton Cerejo,Karthik Calling Karthik,spotify:track:1qTh7hzjd361hjuzeaMFWK,StepCount,Casio G-Shock,69.0,count,3/29/24 21:05
2024-03-29 21:10:00,263026,Ishq Hua,Salim–Sulaiman,Aaja Nachle,spotify:track:5DyYcwMw0f6z3FefXNLOHv,StepCount,Casio G-Shock,1.0,count,3/29/24 21:15
2024-03-30 22:40:00,287040,O' Mama,Vishal Bhardwaj,7 Khoon Maaf (Original Motion Picture Soundtrack),spotify:track:5BGnQWWgXLfuVdu0XTwMfb,StepCount,Casio G-Shock,30.0,count,3/30/24 22:51
2024-04-02 00:20:00,5749,Julie Julie,Anu Malik,Jeete Hain Shaan Se,spotify:track:6UAnHdKaYxxJYAilFEwIF1,StepCount,Casio G-Shock,10.0,count,4/2/24 0:24
2024-04-02 19:00:00,1876,Dhoom Pichuck (feat. Shubha Mudgal),Palash Sen,Dhoom,spotify:track:2U6bhVBXGP2iTufLWSaKZR,StepCount,Casio G-Shock,73.0,count,4/2/24 19:09
2024-04-02 19:20:00,6592,O Re Kanchi,Anu Malik,Asoka (Original Motion Picture Soundtrack),spotify:track:4ViWr3p2fbaLBcejEgxNbb,StepCount,iPhone 4s,13.0,count,4/2/24 19:27
2024-04-02 19:40:00,1375,"Aisi Deewangi (From ""Deewana"")",Alka Yagnik,Bollywood Melody Queen,spotify:track:4ePEjnKNSifPi60lYnJvoK,StepCount,Casio G-Shock,45.0,count,4/2/24 19:54
2024-04-02 19:50:00,6212,Apun Bola,Shah Rukh Khan,Josh,spotify:track:1uHd2tBRzotyWUS3iQeDN7,StepCount,Casio G-Shock,34.0,count,4/2/24 19:56
2024-04-02 20:20:00,353693,Zara Sa Jhoom Loon Main,Asha Bhosle,"Baarishein, Chai Aur Asha",spotify:track:6d13KGoCX7FlpxQdfjcs7b,StepCount,Casio G-Shock,38.0,count,4/2/24 20:29
2024-04-02 20:30:00,312888,Kaho Na Kaho,rash,Kaho Na Kaho,spotify:track:41TPQOdEjRE2jqWs1n7wEW,StepCount,Casio G-Shock,46.0,count,4/2/24 20:40
2024-04-02 20:50:00,323053,Dil Dil Nazar,Shaan,Maine Pyaar Kyun Kiya,spotify:track:1ZpsPt7Ayxhd35QXHdLGEY,StepCount,Casio G-Shock,23.0,count,4/2/24 20:54
2024-04-02 21:00:00,37862,Mungda,Jyotica Tangri,Total Dhamaal,spotify:track:7nY0GX6LDCPc0aBMTEO1cR,StepCount,Casio G-Shock,20.0,count,4/2/24 21:12
2024-04-02 21:20:00,24701,Dekho Na,Jatin-Lalit,Fanaa,spotify:track:5q0pLxhyHvZXnYxaygt2Az,StepCount,Casio G-Shock,147.0,count,4/2/24 21:34
2024-04-02 21:30:00,1984,Ishq Wala Love,Vishal-Shekhar,Student of the Year (Original Motion Picture Soundtrack),spotify:track:1hQia6rxgfM1ly2hE3StWp,StepCount,Casio G-Shock,67.0,count,4/2/24 21:40
2024-04-04 20:00:00,155840,Tum Hi Ho Bandhu,Neeraj Shridhar,Cocktail (Original Motion Picture Soundtrack),spotify:track:7H3mfOvtPNA8YDF3EdKy0L,StepCount,iPhone 4s,33.0,count,4/4/24 20:08
2024-04-04 20:50:00,310,Haan Tu Hain,Pritam,Jannat (Original Motion Picture Soundtrack),spotify:track:4vgCpNUUcpEIBifidhQOnR,StepCount,iPhone 4s,12.0,count,4/4/24 20:56
2024-04-04 21:00:00,306370,Des Rangila,Jatin-Lalit,Fanaa,spotify:track:4qYGnK9axn6vydZqkoJ7VD,StepCount,iPhone 4s,19.0,count,4/4/24 21:12
2024-04-09 20:10:00,25690,Naughty Naughty,Anushka Manchanda,Cash,spotify:track:2iBGQCWqzzsvxTCZUmZy1x,StepCount,Casio G-Shock,31.0,count,4/9/24 20:24
2024-04-09 20:20:00,227226,Gale Lag Ja - Version 1,Javed Ali,De Dana Dan,spotify:track:2yBxVCCJkfCuwhA0GR2VwA,StepCount,iPhone 4s,8.0,count,4/9/24 20:26
2024-04-12 22:40:00,53760,Sang Rahiyo,Jasleen Royal,Sang Rahiyo,spotify:track:45PA9lW7U5LYnlpGrdTyHY,StepCount,Casio G-Shock,8.0,count,4/12/24 22:43
2024-04-18 20:10:00,1738,Ishq Kameena,Sonu Nigam,Shakti - Original Motion Picture Soundtrack,spotify:track:6F4GPNjqX3msncEHOR18Y3,StepCount,iPhone 4s,29.0,count,4/18/24 20:19
2024-04-19 19:20:00,6848,positions,Ariana Grande,Positions,spotify:track:35mvY5S1H3J2QZyna3TFe0,StepCount,iPhone 4s,63.0,count,4/19/24 19:24
2024-04-22 21:10:00,842,Castle on the Hill,Ed Sheeran,÷,spotify:track:6PCUP3dWmTjcTtXY02oFdT,StepCount,Casio G-Shock,16.0,count,4/22/24 21:19
2024-04-23 19:40:00,3910,Dil Dooba,Sonu Nigam,Khakee,spotify:track:6cUaCs1lKfDOyFKMkBF8ch,StepCount,Casio G-Shock,60.0,count,4/23/24 19:55
2024-04-23 19:50:00,355960,San Sanana,Anu Malik,Asoka (Original Motion Picture Soundtrack),spotify:track:1gZWlVCnwSq9y91hIvkUiB,StepCount,iPhone 4s,18.0,count,4/23/24 19:55
2024-04-23 20:00:00,8320,Ishq Kameena,Sonu Nigam,Shakti - Original Motion Picture Soundtrack,spotify:track:6F4GPNjqX3msncEHOR18Y3,StepCount,Casio G-Shock,36.0,count,4/23/24 20:07
2024-04-23 21:50:00,216084,Kashmir,Manan Bhardwaj,ANIMAL,spotify:track:0FDlo7Rz1GQXjYz3y0UxPb,StepCount,Casio G-Shock,27.0,count,4/23/24 22:02
2024-04-24 21:20:00,10720,Oceans Apart,Ben Crosland,The Turn,spotify:track:1yqM5O07lL7R6UAdK5jvrR,StepCount,Casio G-Shock,26.0,count,4/24/24 21:23
2024-04-24 21:30:00,95575,Tera Hone Laga Hoon,Atif Aslam,Best of Romance: Atif Aslam & Pritam,spotify:track:48Ix6ReYdJf2H4mKb3TIpj,StepCount,Casio G-Shock,14.0,count,4/24/24 21:41
2024-04-26 17:50:00,250272,Tere Liye,Atif Aslam,Best of Romance: Atif Aslam & Pritam,spotify:track:0xlWd9o8yjKpJ02WJy79kZ,StepCount,iPhone 4s,194.0,count,4/26/24 18:05
2024-04-26 18:40:00,48840,"Kaho Na Kaho - From ""Murder""",Amir Jamal,Murder,spotify:track:6iK2pxK4fCJLZwrzUslWgY,StepCount,Casio G-Shock,68.0,count,4/26/24 18:52
2024-04-30 22:10:00,273910,Shikdum,Pritam,Dhoom,spotify:track:6BJxQbKyQSdBOBIuW5TTmi,StepCount,Casio G-Shock,68.0,count,4/30/24 22:23
2024-05-01 22:00:00,49301,Darling,Vishal Bhardwaj,7 Khoon Maaf (Original Motion Picture Soundtrack),spotify:track:6z3p3Gm5FOH1n22ummzEh7,StepCount,Casio G-Shock,24.0,count,5/1/24 22:02
2024-05-02 22:00:00,181872,Jhak Maar Ke,Pritam,Desi Boyz,spotify:track:7pTYN6Gxy3MOibdXmkzc5V,StepCount,Casio G-Shock,29.0,count,5/2/24 22:09
2024-05-04 23:10:00,1407,Tu Jaane Na,Atif Aslam,Best of Romance: Atif Aslam & Pritam,spotify:track:5vGiuYFSGekGLgbxhV1rD5,StepCount,Casio G-Shock,5.0,count,5/4/24 23:12
2024-05-06 20:40:00,169948,"Abcd -Yaariyan (From ""Yaariyan"")",Benny Dayal,Yo Yo Honey Singh Is Back,spotify:track:3pIshEbdyNMF3hW1MnZB58,StepCount,iPhone 4s,50.0,count,5/6/24 20:52
2024-05-06 20:50:00,3338,Tujhe Bhula Diya,Mohit Chauhan,Anjaana Anjaani,spotify:track:4r8JqkhpTb5tzSKKHnVJIJ,StepCount,Casio G-Shock,5.0,count,5/6/24 20:53
2024-05-06 21:10:00,71328,Ta Ra Rum Pum,Vishal-Shekhar,Ta Ra Rum Pum,spotify:track:1c9psBaQllfx8mpBOuIMj6,StepCount,iPhone 4s,70.0,count,5/6/24 21:18
2024-05-06 21:20:00,246256,Nachle Ve,Vishal-Shekhar,Ta Ra Rum Pum,spotify:track:525uvrOxi8EJoNxNP2HGto,StepCount,Casio G-Shock,114.0,count,5/6/24 21:26
2024-05-06 22:00:00,1760,Khuda Jaane - Happily Ever After (From “Bachna Ae Haseeno”),Vishal-Shekhar,Khuda Jaane - Happily Ever After (From “Bachna Ae Haseeno”),spotify:track:7jnQKGGyDfRIpAnK7YYrZa,StepCount,Casio G-Shock,33.0,count,5/6/24 22:07
2024-05-06 22:10:00,3391,Dus Bahane,Shaan,Dus,spotify:track:1vBmaijoCBoqmwc3zs5n3s,StepCount,Casio G-Shock,49.0,count,5/6/24 22:18
2024-05-06 22:30:00,341146,Tumhe Jo Maine Dekha,Abhijeet,Main Hoon Na,spotify:track:0pPGUL7171TRGgI6wyP8wP,StepCount,Casio G-Shock,3.0,count,5/6/24 22:35
2024-05-07 21:50:00,170757,Main Yahaan Hoon,Madan Mohan,Veer - Zaara,spotify:track:3OAFzjwWionh8OfM4kgf2R,StepCount,Casio G-Shock,4.0,count,5/7/24 21:52
2024-05-07 22:00:00,135970,Raat Ka Nasha,Anu Malik,Asoka (Original Motion Picture Soundtrack),spotify:track:4gjFNGQ0BodNqiOAOAOMSW,StepCount,Casio G-Shock,212.0,count,5/7/24 22:17
2024-05-09 20:30:00,218751,Latoo,Shreya Ghoshal,Ghajini,spotify:track:4CuBg0h6kD85MPN8Ntq6Zr,StepCount,iPhone 4s,57.0,count,5/9/24 20:41
2024-05-09 22:00:00,103264,Chaand Baaliyan,Aditya A,Chaand Baaliyan,spotify:track:0snQrp1VaY5Pj1YIHRJpRJ,StepCount,Casio G-Shock,47.0,count,5/9/24 22:14
2024-05-09 22:10:00,288915,"Agar Tum Mil Jao - From ""Zeher""",Shreya Ghoshal,Zeher,spotify:track:14k5ZaCWRYwXdz2FWCaQby,StepCount,iPhone 4s,26.0,count,5/9/24 22:16
2024-05-10 00:00:00,4128,Allah Hafiz,Pritam,Bhool Bhulaiyaa,spotify:track:7CMyoI8zAFAUhMnQ5NzNnu,StepCount,Casio G-Shock,21.0,count,5/10/24 0:14
2024-05-10 00:50:00,302210,Kiya Kiya,Anand Raj Anand,Welcome,spotify:track:0YCPCY9WhQFMFtoSpj6dhL,StepCount,iPhone 4s,27.0,count,5/10/24 0:52
2024-05-10 20:00:00,5030,Tareefan,QARAN,Veere Di Wedding,spotify:track:2SN54RFfaafTk7TE1n1Na4,StepCount,Casio G-Shock,27.0,count,5/10/24 20:02
2024-05-10 20:10:00,45240,"Illegal Weapon 2.0 (From ""Street Dancer 3D"")",Jasmine Sandlas,"Illegal Weapon 2.0 (From ""Street Dancer 3D"")",spotify:track:5fXslGZPI5Cco6PKHzlSL3,StepCount,Casio G-Shock,61.0,count,5/10/24 20:20
2024-05-10 20:20:00,95680,Balma,Shreya Ghoshal,The Second Best Exotic Marigold Hotel (Original Motion Picture Soundtrack),spotify:track:0p5iOuS1ljMtQpaGi4W8Tl,StepCount,iPhone 4s,78.0,count,5/10/24 20:26
2024-05-10 20:30:00,213497,Mahiya,Suzzane D'Mello,Awarapan (Original Soundtrack),spotify:track:4qOtDofZEAOYJ1Dq9GXgiM,StepCount,Casio G-Shock,17.0,count,5/10/24 20:43
2024-05-10 21:30:00,0,"Janiye (from the Netflix Film ""Chor Nikal Ke Bhaga"")",Vishal Mishra,"Janiye (from the Netflix Film ""Chor Nikal Ke Bhaga"")",spotify:track:0645eBDehHcqfiF15hscQV,StepCount,Casio G-Shock,42.0,count,5/10/24 21:39
2024-05-10 21:40:00,301586,Chikni Chameli,Ajay-Atul,Agneepath (Original Motion Picture Soundtrack),spotify:track:1vSXwYeKnzsVvekSpqVabx,StepCount,Casio G-Shock,22.0,count,5/10/24 21:49
2024-05-11 18:40:00,1098,Kiya Kiya,Anand Raj Anand,Welcome,spotify:track:0YCPCY9WhQFMFtoSpj6dhL,StepCount,Casio G-Shock,573.0,count,5/11/24 18:51
2024-05-11 18:50:00,249660,Dildaara (Stand By Me),Shafqat Amanat Ali,Ra-One,spotify:track:6ZoCBDOB308GqUdt2AJrV2,StepCount,Casio G-Shock,870.0,count,5/11/24 19:01
2024-05-11 19:00:00,285686,Pee Loon,Pritam,Once Upon A Time In Mumbaai,spotify:track:52itZ0w0CydihB2JCZEIft,StepCount,Casio G-Shock,168.0,count,5/11/24 19:07
2024-05-11 19:10:00,346627,Hale Dil,Harshit Saxena,Murder 2,spotify:track:6GQK4G5o60E8YA18DGpAzv,StepCount,Casio G-Shock,4.0,count,5/11/24 19:16
2024-05-11 19:20:00,2591,Tera Hone Laga Hoon,Atif Aslam,Best of Romance: Atif Aslam & Pritam,spotify:track:48Ix6ReYdJf2H4mKb3TIpj,StepCount,iPhone 4s,14.0,count,5/11/24 19:31
2024-05-11 20:00:00,373357,Dhoom Taana,Shreya Ghoshal,Om Shanti Om,spotify:track:4eKWtXoGajnaGKvKAcgc8f,StepCount,iPhone 4s,8.0,count,5/11/24 20:09
2024-05-12 15:40:00,190603,"Janiye (from the Netflix Film ""Chor Nikal Ke Bhaga"")",Vishal Mishra,"Janiye (from the Netflix Film ""Chor Nikal Ke Bhaga"")",spotify:track:0645eBDehHcqfiF15hscQV,StepCount,Casio G-Shock,99.0,count,5/12/24 15:48
2024-05-13 23:50:00,2624,Ambarsariya,Sona Mohapatra,Fukrey,spotify:track:4qRcjFkFqSpLBzcbLDt7HL,StepCount,Casio G-Shock,34.0,count,5/14/24 0:04
2024-05-14 22:20:00,9470,Baatein Kuch Ankahee,Pritam,Life In A Metro (Original Motion Picture Soundtrack),spotify:track:5arambGXhSW6TZUR9L0tSw,StepCount,iPhone 4s,32.0,count,5/14/24 22:30
2024-05-17 02:10:00,137705,"Dilnashin Dilnashin (From ""Aashiq Banaya Aapne"")",KK,Evergreen Hits Of K.K.,spotify:track:1pvnuYtf6Ty09yxqAhko0o,StepCount,Casio G-Shock,11.0,count,5/17/24 2:13
2024-05-19 19:20:00,113264,"Marham (Pehle Bhi Main) [From ""ANIMAL""]",Vishal Mishra,"Marham (Pehle Bhi Main) [From ""ANIMAL""]",spotify:track:1fGXJZny7HUQnLKwttxmYw,StepCount,iPhone 4s,30.0,count,5/19/24 19:34
2024-05-19 19:30:00,64266,"Kaise Ab Kahein - From ""Gutar Gu""",Gaurav Chatterji,Kaise Ab Kahein,spotify:track:3eSm4iAkLsn3BeggfiQOH9,StepCount,Casio G-Shock,94.0,count,5/19/24 19:43
2024-05-20 19:10:00,12640,Salaam-E-Ishq,Sonu Nigam,Salaam-E-Ishq,spotify:track:3oIWJujQwLjGBG8kZGnJkg,StepCount,Casio G-Shock,17.0,count,5/20/24 19:15
2024-05-20 19:30:00,19215,Oh Priya Priya,Adnan Sami,Natural Beauty Nithya Menen Hits,spotify:track:4SmFbJibwLUpAE5XtA3fQ1,StepCount,Casio G-Shock,4.0,count,5/20/24 19:38
2024-05-20 20:00:00,85588,Baatein Kuch Ankahee,Pritam,Life In A Metro (Original Motion Picture Soundtrack),spotify:track:5arambGXhSW6TZUR9L0tSw,StepCount,Casio G-Shock,65.0,count,5/20/24 20:12
2024-05-20 20:40:00,67978,Mehbooba Mehbooba,Adnan Sami,Ajnabee,spotify:track:4Tt6aPhCnVPA9tFrK7E0Mx,StepCount,iPhone 4s,54.0,count,5/20/24 20:54
2024-05-20 21:10:00,172110,Ta Ra Ra Ra Rum Tararumpum,Vishal-Shekhar,Ta Ra Rum Pum,spotify:track:0Pu5Ed4dRHcryM65r0pMV0,StepCount,iPhone 4s,18.0,count,5/20/24 21:19
2024-06-03 04:10:00,464,Ab To Forever,Vishal-Shekhar,Ta Ra Rum Pum,spotify:track:3gLf7ctpqnklhoQfeveBw0,StepCount,iPhone 4s,8.0,count,6/3/24 4:13
2024-06-03 04:20:00,46509,Aalap,Vishal-Shekhar,Ta Ra Rum Pum,spotify:track:0m1TycNcUhagtH4kFN74vQ,StepCount,iPhone 4s,188.0,count,6/3/24 4:35
2024-06-03 04:30:00,18715,Tujh Mein Rab Dikhta Hai - II,Salim–Sulaiman,Rab Ne Bana Di Jodi,spotify:track:4Q3oEhpsDommo2naYhCpAl,StepCount,Casio G-Shock,113.0,count,6/3/24 4:39
2024-06-14 04:50:00,16044,Maeri,Palash Sen,Euphoria,spotify:track:2RfjasZT9DvH6fuHoa9R8S,StepCount,iPhone 4s,8.0,count,6/14/24 4:52
2024-06-14 05:40:00,34458,Saawan Mein,Falguni Pathak,Maine Payal Hai Chhankai & Other Hits,spotify:track:4F980Cg1WU6owq3V1fOBSN,StepCount,Casio G-Shock,185.0,count,6/14/24 5:56
2024-06-14 06:30:00,38615,"Chhupana Bhi Nahin Aata (From ""Baazigar"")",Pankaj Udhas,Bollywood & Ghazal Collection of Pankaj Udhas,spotify:track:2oAy8P7WfjbZW0cWw6RnAG,StepCount,Casio G-Shock,188.0,count,6/14/24 6:43
2024-06-15 02:40:00,210540,Yeh Sham Mastani,Kishore Kumar,Kati Patang,spotify:track:6UeEm5XPsleVD85kNHCu1n,StepCount,Casio G-Shock,60.0,count,6/15/24 2:54
2024-06-15 05:00:00,65128,"Iktara (From ""Wake Up Sid"")",Amit Trivedi,I Love You...Forever,spotify:track:0bmp0lE3ArELHqda9PBMVG,StepCount,iPhone 4s,11.0,count,6/15/24 5:10
2024-06-15 05:30:00,72320,Aas Paas Khuda,Rahat Fateh Ali Khan,Anjaana Anjaani,spotify:track:3kuxr8U3QynLzyW82p5hYR,StepCount,iPhone 4s,52.0,count,6/15/24 5:41
2024-06-15 05:50:00,203891,Socha Hai,Farhan Akhtar,Rock On,spotify:track:7IjnfuMNfdrAXbefurdIIR,StepCount,iPhone 4s,28.0,count,6/15/24 6:03
2024-06-15 06:00:00,67340,Kya Karoon?,Shankar-Ehsaan-Loy,Wake Up Sid (Original Motion Picture Soundtrack),spotify:track:4Yp8zw7b35bheMVTp39o5O,StepCount,Casio G-Shock,160.0,count,6/15/24 6:12
2024-06-15 06:20:00,9170,Bahara,Vishal-Shekhar,I Hate Luv Storys (Original Motion Picture Soundtrack),spotify:track:1gwO79MdYdumgIjxq8eCxB,StepCount,Casio G-Shock,30.0,count,6/15/24 6:22
2024-06-15 06:40:00,3850,"Pee Loon (From ""Once Upon A Time In Mumbaai"")",Pritam,Brilliant Melodist Pritam,spotify:track:5pKh7avN31GpBe4JKhXKmF,StepCount,Casio G-Shock,62.0,count,6/15/24 6:56
2024-06-15 07:00:00,3370,Sooraj Ki Baahon Mein,Dominique Cerejo,Zindagi Na Milegi Dobara,spotify:track:723xQva0yBF7M6K3nDAG8R,StepCount,iPhone 4s,179.0,count,6/15/24 7:10
2024-06-15 07:10:00,1300,Yahin Hoon Main,Rochak Kohli,Yahin Hoon Main,spotify:track:30UWFQsrAfkzcsRWaiNLtU,StepCount,Casio G-Shock,10.0,count,6/15/24 7:15
2024-06-29 00:40:00,171147,"Akhiyaan Gulaab (From ""Teri Baaton Mein Aisa Uljha Jiya"")",Mitraz,"Akhiyaan Gulaab (From ""Teri Baaton Mein Aisa Uljha Jiya"")",spotify:track:0M0ANKNzmM4Odd7FNKghzW,StepCount,iPhone 4s,152.0,count,6/29/24 0:52
2024-06-29 00:50:00,0,O Madhu,Adnan Sami,Julai,spotify:track:1VDDoa82Oktn7FDPKBcsw8,StepCount,iPhone 4s,16.0,count,6/29/24 0:55
2024-06-29 11:10:00,10936,Nenjam Ellam,A.R. Rahman,Aayitha Ezhutu (Original Motion Picture Soundtrack),spotify:track:5lmgII1wyydsuqXEOvzpSy,StepCount,iPhone 4s,35.0,count,6/29/24 11:16
2024-06-29 11:20:00,13560,Lift Karadey,Adnan Sami,Kabhi To Nazar Milao... Jhankar Beats,spotify:track:1jSITyxOyMX0MMG5DDau4w,StepCount,iPhone 4s,258.0,count,6/29/24 11:36
2024-06-29 11:30:00,235393,Soniyo,Raju Singh,RAAZ - The Mystery Continues (Original Motion Picture Soundtrack),spotify:track:4J5OpeZUR2msDPfMsIeGSU,StepCount,Casio G-Shock,129.0,count,6/29/24 11:46
2024-06-29 11:40:00,1021,Kaisa Ye Raaz Hai,Pranay.M. Rijia,Best of KK - Starring Emraan Hashmi,spotify:track:4uUQxRunwVSVDOAcB37THC,StepCount,iPhone 4s,47.0,count,6/29/24 11:48
2024-07-05 06:40:00,12428,Kaisa Ye Raaz Hai,Pranay.M. Rijia,RAAZ - The Mystery Continues (Original Motion Picture Soundtrack),spotify:track:6VpywY7DEMDSmpiY4tKpwX,StepCount,iPhone 4s,40.0,count,7/5/24 6:52
2024-07-06 09:10:00,285686,Pee Loon,Pritam,Once Upon A Time In Mumbaai,spotify:track:52itZ0w0CydihB2JCZEIft,StepCount,Casio G-Shock,9.0,count,7/6/24 9:10
2024-07-18 15:20:00,342220,Noor E Khuda,Shankar-Ehsaan-Loy,My Name Is Khan (Original Motion Picture Soundtrack),spotify:track:55fSZWdcvMPJga3LbiV8jN,StepCount,Casio G-Shock,16.0,count,7/18/24 15:28
2024-07-31 09:10:00,5085,Wo Ladka Nehi,Arpita Biswas,Wo Ladka Nehi,spotify:track:6FMkRV7GvQVouZ3Lr1yfsL,StepCount,iPhone 4s,64.0,count,7/31/24 9:18
2024-08-01 10:10:00,15295,Tujhi Mein - Reprise,Pritam,Crook (Original Motion Picture Soundtrack),spotify:track:3ApW2DI1Ub6IB09TwZcpO7,StepCount,iPhone 4s,18.0,count,8/1/24 10:16
2024-08-02 09:50:00,13098,"Symphony No. 9 in D Minor, Op. 125 ""Choral"": III. Adagio molto e cantabile",Ludwig van Beethoven,Beethoven: Symphony No.9,spotify:track:69nDKRbYZLGNEkPhImEVGB,StepCount,iPhone 4s,24.0,count,8/2/24 9:55
2024-08-09 23:30:00,141572,Udi Udi Jaye,Bhoomi Trivedi,Raees,spotify:track:5J5Oam2frcy5zQnOCb3Cdr,StepCount,iPhone 4s,16.0,count,8/9/24 23:31
2024-08-18 16:20:00,6442,Hey Shona,Vishal-Shekhar,Ta Ra Rum Pum,spotify:track:2H9SvhMVXSYPxxkQgzkTKp,StepCount,Casio G-Shock,13.0,count,8/18/24 16:26
2024-08-22 00:20:00,235906,Aasman Ke Neeche,Lata Mangeshkar,Jewel Thief,spotify:track:4RUBGBppd71QQy4lLJ1mvw,StepCount,iPhone 4s,256.0,count,8/22/24 0:38
2024-08-22 00:30:00,6120,Kya Khoob Lagti Ho,Mukesh,Dharmatma,spotify:track:3h5YZTfJ4BBpvLVHS6lGUl,StepCount,Casio G-Shock,107.0,count,8/22/24 0:42
2024-08-22 00:40:00,2940,O Mere Dil Ke Chain,Kishore Kumar,Mere Jeevan Saathi,spotify:track:6Frhkb7giXWjeJAX2dJT88,StepCount,iPhone 4s,85.0,count,8/22/24 0:42
2024-08-24 10:00:00,179745,Long Drive,Mika Singh,Khiladi 786,spotify:track:0sSapNABKrGwgaMhn0p8uL,StepCount,Casio G-Shock,169.0,count,8/24/24 10:19
2024-08-24 10:20:00,155442,Dil Kya Kare,Adnan Sami,Salaam-E-Ishq,spotify:track:648GXyKI62FhbeBq0levWr,StepCount,iPhone 4s,40.0,count,8/24/24 10:25
2024-09-04 20:20:00,920,Kuchh Khaas,Mohit Chauhan,Fashion,spotify:track:01npLGQTbZBIHVRcXJbLzR,StepCount,Casio G-Shock,35.0,count,9/4/24 20:23
2024-09-06 16:20:00,46740,Aye Udi Udi Udi,A.R. Rahman,Saathiya,spotify:track:6K0Ea7pq2trf6SwsfEKkOp,StepCount,iPhone 4s,29.0,count,9/6/24 16:36
2024-09-06 20:10:00,6470,Dil Keh Reha Ha,Kunal Ganjawala,Kyon Ki - It's Fate,spotify:track:3FrY3M9izNqPZRWuBAqDFM,StepCount,Casio G-Shock,23.0,count,9/6/24 20:17
2024-09-09 20:10:00,114640,Aisa Des Hai Mera,Madan Mohan,Veer - Zaara,spotify:track:4M7pu2MwyGysZM4deGXueq,StepCount,iPhone 4s,63.0,count,9/9/24 20:27
2024-09-10 17:10:00,200400,Bye Bye Bye - From Deadpool and Wolverine Soundtrack,*NSYNC,No Strings Attached,spotify:track:62bOmKYxYg7dhrC6gH9vFn,StepCount,iPhone 4s,1094.0,count,9/10/24 17:20
2024-09-10 17:20:00,51020,It's Gonna Be Me,*NSYNC,No Strings Attached,spotify:track:2AW37v0bDyuOzGP3XnmFuA,StepCount,iPhone 4s,1087.0,count,9/10/24 17:30
2024-09-11 20:20:00,183806,Teri Yaadon Mein,KK,The Killer,spotify:track:4ZVfIGaZP93t0stmBj4FqA,StepCount,iPhone 4s,34.0,count,9/11/24 20:31
2024-09-12 17:10:00,273084,Labon Ko,Pritam,Bhool Bhulaiyaa,spotify:track:5WncH5iZ5GFlnXm7jKEXVP,StepCount,iPhone 4s,791.0,count,9/12/24 17:23
2024-09-16 20:20:00,2720,Saathiya,A.R. Rahman,Saathiya,spotify:track:78KKYDENYsw6jYfuEZsqJl,StepCount,iPhone 4s,11.0,count,9/16/24 20:22
2024-09-17 20:30:00,19610,Thinking out Loud,Ed Sheeran,x,spotify:track:34gCuhDGsG4bRPIf9bb02f,StepCount,iPhone 4s,28.0,count,9/17/24 20:39
2024-09-17 20:50:00,2450,On The Floor - Radio Edit,Jennifer Lopez,On The Floor,spotify:track:0Oe49j06Bjrxs8PltuVeaW,StepCount,iPhone 4s,18.0,count,9/17/24 20:58
2024-09-18 20:10:00,171063,nadaaniyan,Akshath,nadaaniyan,spotify:track:3bmsaFp11I9pbicxzlStf3,StepCount,iPhone 4s,29.0,count,9/18/24 20:21
2024-09-18 20:20:00,1110,Kuch To Hua Hai,Shankar-Ehsaan-Loy,Kal Ho Naa Ho (Original Motion Picture Soundtrack),spotify:track:0Kd2IhGYGYrOATgOOnDBzI,StepCount,iPhone 4s,17.0,count,9/18/24 20:27
2024-09-21 01:00:00,74160,Khabar Nahi,Vishal-Shekhar,Dostana (Original Motion Picture Soundtrack),spotify:track:7Esjmr77c4SU5IlMtym7Ho,StepCount,iPhone 4s,20.0,count,9/21/24 1:05
2024-09-23 20:10:00,100860,Teri Yaadon Mein,KK,The Killer,spotify:track:4ZVfIGaZP93t0stmBj4FqA,StepCount,iPhone 4s,48.0,count,9/23/24 20:15
2024-09-24 19:50:00,318073,Noor E Khuda,Shankar-Ehsaan-Loy,My Name Is Khan (Original Motion Picture Soundtrack),spotify:track:55fSZWdcvMPJga3LbiV8jN,StepCount,iPhone 4s,21.0,count,9/24/24 19:55
2024-09-26 06:50:00,120160,Dil Samander,KK,Garam Masala - Original Motion Picture Soundtrack,spotify:track:7Gwuh1mKBa3SWD7w3giVP5,StepCount,iPhone 4s,35.0,count,9/26/24 6:55
2024-09-26 17:20:00,53016,Dil Samander,KK,Garam Masala - Original Motion Picture Soundtrack,spotify:track:7Gwuh1mKBa3SWD7w3giVP5,StepCount,iPhone 4s,1054.0,count,9/26/24 17:35
2024-09-26 19:50:00,77460,nadaaniyan,Akshath,nadaaniyan,spotify:track:3bmsaFp11I9pbicxzlStf3,StepCount,iPhone 4s,30.0,count,9/26/24 19:55
2024-09-28 18:00:00,101793,"Rage Over A Lost Penny, Op. 129",Valentina Lisitsa,Beethoven: Rage Over A Lost Penny,spotify:track:3QnU25Zw23qOUugdtTWgsY,StepCount,iPhone 4s,1069.0,count,9/28/24 18:11
2024-09-30 22:10:00,1910,O Jaana - The DJ Suketu Dance with Me Mix,Raju Singh,RAAZ - The Mystery Continues (Original Motion Picture Soundtrack),spotify:track:7Bklue8gfDnzNQ7nHgU6b6,StepCount,iPhone 4s,41.0,count,9/30/24 22:17
2024-10-07 20:20:00,1180,Ab To Forever,Vishal-Shekhar,Ta Ra Rum Pum,spotify:track:3gLf7ctpqnklhoQfeveBw0,StepCount,iPhone 4s,61.0,count,10/7/24 20:37
2024-10-09 20:10:00,76920,"Kaho Na Kaho - From ""Murder""",Amir Jamal,Murder,spotify:track:6iK2pxK4fCJLZwrzUslWgY,StepCount,iPhone 4s,64.0,count,10/9/24 20:21
2024-10-09 20:20:00,55510,Labon Ko,Pritam,Bhool Bhulaiyaa,spotify:track:5WncH5iZ5GFlnXm7jKEXVP,StepCount,iPhone 4s,36.0,count,10/9/24 20:24
2024-10-09 20:30:00,137480,"Dil Kyun Yeh Mera (From ""Kites"")",KK,Evergreen Hits Of K.K.,spotify:track:66uMmK9uefgoflmaxbtQCL,StepCount,iPhone 4s,4.0,count,10/9/24 20:36
2024-10-16 22:20:00,90274,Ye Ishq Hai,Pritam,Jab We Met,spotify:track:4BiPsAV070dg3eLSVf727A,StepCount,Casio G-Shock,51.0,count,10/16/24 22:30
2024-10-21 22:10:00,3180,Aashiqui (The Love Theme),Mithoon,Aashiqui 2,spotify:track:0TEZDqtGjqPwcaFx3Mzpbz,StepCount,iPhone 4s,22.0,count,10/21/24 22:21
2024-10-23 19:20:00,92840,Hey Shona,Vishal-Shekhar,Ta Ra Rum Pum,spotify:track:2H9SvhMVXSYPxxkQgzkTKp,StepCount,Casio G-Shock,160.0,count,10/23/24 19:32
2024-10-24 18:50:00,0,Chappa Chappa,Vishal Bhardwaj,Maachis (Original Motion Picture Soundtrack),spotify:track:7atOebyeANuCZsGhm33YLd,StepCount,Casio G-Shock,8.0,count,10/24/24 18:56
2024-10-27 22:00:00,6111,Aashiqui (The Love Theme),Mithoon,Aashiqui 2,spotify:track:0TEZDqtGjqPwcaFx3Mzpbz,StepCount,Casio G-Shock,35.0,count,10/27/24 22:09
2024-10-27 22:30:00,311676,"Kaho Na Kaho - From ""Murder""",Amir Jamal,Murder,spotify:track:6iK2pxK4fCJLZwrzUslWgY,StepCount,Casio G-Shock,173.0,count,10/27/24 22:43
2024-10-27 22:40:00,55701,Baarish,Shashaa Tirupati,Half Girlfriend,spotify:track:4FeiicaPWhZZusS1rddYdc,StepCount,iPhone 4s,13.0,count,10/27/24 22:48
2024-10-27 23:00:00,2613,Raabta,Pritam,Agent Vinod,spotify:track:6FjbAnaPRPwiP3sciEYctO,StepCount,Casio G-Shock,93.0,count,10/27/24 23:09
2024-10-27 23:10:00,22848,Jhoom Barabar Jhoom,Shankar-Ehsaan-Loy,Jhoom Barabar Jhoom,spotify:track:4HfmI5Yisll9PCOjJhtijw,StepCount,iPhone 4s,130.0,count,10/27/24 23:23
2024-10-27 23:20:00,0,Munni Badnaam,Mamta Sharma,Dabangg,spotify:track:6fORBVECjNDJ1gdq5uuoAz,StepCount,iPhone 4s,80.0,count,10/27/24 23:37
2024-10-27 23:30:00,18058,Paniyon Sa,Rochak Kohli,"Paniyon Sa (From ""Satyameva Jayate"")",spotify:track:2si0ZNx4yRbggTvrIom8A2,StepCount,iPhone 4s,146.0,count,10/27/24 23:49
2024-10-27 23:40:00,1130,"Tera Yaar Hoon Main (From ""Sonu Ke Titu Ki Sweety"")",Arijit Singh,Ultimate Love Songs - Arijit Singh,spotify:track:1NX33DecZrq4ZUGDc47AfN,StepCount,Casio G-Shock,197.0,count,10/27/24 23:52
2024-10-27 23:50:00,217386,Woh Ladki Jo,Abhijeet,Baadshah,spotify:track:4A15QHUraE6rrP0Co6S3lG,StepCount,Casio G-Shock,238.0,count,10/28/24 0:05
2024-10-28 00:20:00,2218,Qaafirana,Arijit Singh,The Arijit Singh Collection,spotify:track:5SftJq4uVpajyYC1Gs0RFF,StepCount,Casio G-Shock,19.0,count,10/28/24 0:29
2024-10-28 19:50:00,209530,Socha Hai,Farhan Akhtar,Rock On,spotify:track:7IjnfuMNfdrAXbefurdIIR,StepCount,iPhone 4s,79.0,count,10/28/24 20:05
2024-10-28 20:00:00,268712,Dard - E - Disco,Sukhwinder Singh,Om Shanti Om,spotify:track:2GTasAZimpxzNgE7aXFifI,StepCount,iPhone 4s,30.0,count,10/28/24 20:10
2024-10-28 20:10:00,261357,Tera Surroor,Himesh Reshammiya,Aap Kaa Surroor,spotify:track:3WJQXRiZQNpasi3i4Tp8U1,StepCount,iPhone 4s,37.0,count,10/28/24 20:25
2024-11-04 21:10:00,470,"Thodi Jagah (From ""Marjaavaan"")",Arijit Singh,"Thodi Jagah (From ""Marjaavaan"")",spotify:track:3f0wz6zcA7XkQiGm0qNF5r,StepCount,iPhone 4s,87.0,count,11/4/24 21:18
2024-11-04 21:20:00,109962,Proper Patola,Badshah,Namaste England,spotify:track:39ujbBjTwwqUFySaCYDMMT,StepCount,iPhone 4s,13.0,count,11/4/24 21:29
2024-11-06 23:30:00,79060,Yeh Hum Aa Gaye Hain Kahaan,Madan Mohan,Veer - Zaara,spotify:track:7sSYkaAXRgnzoQYrGgrvlX,StepCount,iPhone 4s,14.0,count,11/6/24 23:38
2024-11-12 20:10:00,910,Aahun Aahun,Neeraj Shridhar,Love Aaj Kal (Original Motion Picture Soundtrack),spotify:track:1n1b2lwdRdWF5RAaA0vewk,StepCount,iPhone 4s,47.0,count,11/12/24 20:21
2024-11-12 20:40:00,201550,Ishq Sufiyana (Male),Kamal Khan,The Dirty Picture,spotify:track:5zcfnScTSFGCHGY1yeXWke,StepCount,iPhone 4s,43.0,count,11/12/24 20:41
2024-11-18 21:20:00,4720,Dhinka Chika,Amrita Kak,Ready,spotify:track:2Ggpu9s4UP2fO7bjgBMiss,StepCount,iPhone 4s,43.0,count,11/18/24 21:33
2024-11-19 18:10:00,1230,Dil Chahta Hai,Shankar Mahadevan,Dil Chahta Hai,spotify:track:2r1CHpKRDdzHGJScn5UqjX,StepCount,iPhone 4s,89.0,count,11/19/24 18:26
2024-11-28 18:50:00,285000,Running Up That Hill (A Deal With God) - Piano Version,Henry Smith,Instrumental Piano Music,spotify:track:4iQOxI64JW0RNgaekm3xFs,StepCount,iPhone 4s,9.0,count,11/28/24 18:59
2024-11-28 19:00:00,111500,Dance Monkey - Piano Version,Flying Fingers,Instrumental Piano Music,spotify:track:2blYZZiIeHL6GNiaLukhwv,StepCount,iPhone 4s,25.0,count,11/28/24 19:19
2024-11-28 19:20:00,163125,Pepas - Piano Version,Flying Fingers,Instrumental Piano Music,spotify:track:5Auqwhaotw1RQMoIEoHFY1,StepCount,iPhone 4s,34.0,count,11/28/24 19:34
2024-11-28 19:30:00,200874,You're Beautiful - Piano Version,Henry Smith,Instrumental Piano Music,spotify:track:54Eew2Ljh93fOFbVnHE1Ei,StepCount,iPhone 4s,37.0,count,11/28/24 19:41
2024-11-28 19:50:00,157714,Shallow - Piano Version,Henry Smith,Instrumental Piano Music,spotify:track:4VlCfZz7AMgw6nhfeZdfKs,StepCount,iPhone 4s,10.0,count,11/28/24 19:54
2024-11-28 20:00:00,95073,Can You Feel the Love Tonight - Piano Version,Henry Smith,Instrumental Piano Music,spotify:track:6D9UtQcJgfzQcChqfY79xU,StepCount,iPhone 4s,43.0,count,11/28/24 20:15
2024-11-28 20:10:00,4671,The Scientist,Elin Porsinger,Instrumental Piano Music,spotify:track:60iUqPMacBpBTpwC8Gc33B,StepCount,iPhone 4s,12.0,count,11/28/24 20:19
2024-11-28 20:30:00,213250,Viva La Vida - Piano Version,Henry Smith,Instrumental Piano Music,spotify:track:7v78ltp38gEdgQ0GMXjqBL,StepCount,iPhone 4s,43.0,count,11/28/24 20:37
2024-11-28 21:00:00,32836,bad guy - Piano Version,Flying Fingers,Instrumental Piano Music,spotify:track:4BodABZEQ23rOzSkPdwMxH,StepCount,iPhone 4s,58.0,count,11/28/24 21:06
2024-11-28 21:10:00,254000,Before You Go - Piano Version,Flying Fingers,Instrumental Piano Music,spotify:track:6QLRhuYUKX33Zc4hxlxg8p,StepCount,iPhone 4s,30.0,count,11/28/24 21:23
2024-11-28 21:30:00,184750,She Will Be Loved - Piano Version,Henry Smith,Instrumental Piano Music,spotify:track:2JvXS80JVP0K2w0RmBl7g1,StepCount,iPhone 4s,8.0,count,11/28/24 21:39
2024-11-30 19:50:00,197000,The Final Countdown - Piano Version,Henry Smith,Instrumental Piano Music,spotify:track:7hRMuqG1i8qjsOew1eFnnI,StepCount,iPhone 4s,174.0,count,11/30/24 20:03
2024-11-30 20:00:00,207000,In Your Eyes - Piano Version,Flying Fingers,Instrumental Piano Music,spotify:track:3Yb2MxOyqfeBbOBsDkKlbe,StepCount,iPhone 4s,624.0,count,11/30/24 20:14
2024-11-30 20:10:00,200500,Truly Madly Deeply - Piano Version,Henry Smith,Instrumental Piano Music,spotify:track:5BeujxM6Hfmuo7kADmSnxE,StepCount,iPhone 4s,486.0,count,11/30/24 20:21
2024-11-30 20:30:00,199750,Come As You Are - Piano Version,Henry Smith,Instrumental Piano Music,spotify:track:3YeJDuUXGSXopD8z9I0DyJ,StepCount,iPhone 4s,3.0,count,11/30/24 20:33
2024-11-30 21:40:00,160093,The Rose,David Schultz,Instrumental Piano Music,spotify:track:4gjwlE34gY0YCjArUcSdAb,StepCount,iPhone 4s,28.0,count,11/30/24 21:53
2024-11-30 21:50:00,144250,Treat You Better,Beloved Melodies,Instrumental Piano Music,spotify:track:4rPlNbArA6N6MCvQbBxKuW,StepCount,iPhone 4s,19.0,count,11/30/24 22:06
2024-12-01 00:20:00,327300,Humko Pyar Hua,Pritam,Ready,spotify:track:4cltuh2RNH0LyZY9I8Vi08,StepCount,iPhone 4s,33.0,count,12/1/24 0:24
2024-12-01 00:30:00,47241,Prem Ki Naiyya,Neeraj Shridhar,Ajab Prem Ki Ghazab Kahani,spotify:track:2JDsi7S0UmtGoyVPTda0ao,StepCount,iPhone 4s,201.0,count,12/1/24 0:43
2024-12-01 00:50:00,240796,Saree Ke Fall Sa,Nakash Aziz,R...Rajkumar (Original Motion Picture Soundtrack),spotify:track:6q9Xm2jmdQ3Qi91iQpdHH9,StepCount,iPhone 4s,19.0,count,12/1/24 0:52
2024-12-02 21:10:00,396074,"Woh Lamhe Woh Baatein - From ""Zeher""",Atif Aslam,Best Old Songs,spotify:track:2HNG9q8rXbnijbPTwCMgsb,StepCount,iPhone 4s,16.0,count,12/2/24 21:13
2024-12-03 20:20:00,1270,Tum Hi Ho,Mithoon,Aashiqui 2,spotify:track:56zZ48jdyY2oDXHVnwg5Di,StepCount,iPhone 4s,62.0,count,12/3/24 20:32
2024-12-04 00:50:00,2619,Adhoore,Vishal-Shekhar,Break Ke Baad,spotify:track:298atiKYvG84VfbXNbZiX5,StepCount,iPhone 4s,36.0,count,12/4/24 0:52
2024-12-05 17:40:00,1450,"Humdard (From ""Ek Villain"")",Arijit Singh,Ultimate Love Songs - Arijit Singh,spotify:track:2PvaburAUlhNHxVhw5lvOq,StepCount,iPhone 4s,49.0,count,12/5/24 17:50
2024-12-07 01:00:00,308714,"Sanam Re (From ""Sanam Re"")",Mithoon,Love Forever With Arijit Singh,spotify:track:3XWBGyt7m2rZAjEj0awWnw,StepCount,iPhone 4s,28.0,count,12/7/24 1:06
2024-12-07 23:30:00,329386,Dil Ibaadat,Pritam,Tum Mile (Original Motion Picture Soundtrack),spotify:track:3Kl8p2PxVf8eAayLwTxOIm,StepCount,iPhone 4s,70.0,count,12/7/24 23:39
2024-12-08 00:00:00,287213,Teri Yaadon Mein,KK,The Killer,spotify:track:4ZVfIGaZP93t0stmBj4FqA,StepCount,iPhone 4s,47.0,count,12/8/24 0:12
