10080,trending,viral,"Oct 29, 2024, 6:47:16â€¯PM PST",Podcast
10499,monetization,ad\b,"Oct 23, 2024, 9:22:33â€¯AM PST",Music
10499,community,with,"Oct 23, 2024, 9:22:33â€¯AM PST",Music
10083,trending,shorts,"Oct 29, 2024, 6:46:03â€¯PM PST",Comedy
10084,community,w/,"Oct 29, 2024, 6:45:50â€¯PM PST",Podcast
10502,community,ft\.,"Oct 23, 2024, 8:25:30â€¯AM PST",Music
10086,trending,viral,"Oct 29, 2024, 6:44:54â€¯PM PST",Shorts
10086,trending,shorts,"Oct 29, 2024, 6:44:54â€¯PM PST",Shorts
10087,community,ft\.,"Oct 29, 2024, 6:44:49â€¯PM PST",Music
10505,community,ft\.,Mark Ronson - Uptown Funk (Official Video) ft. Bruno Mars,Music
10506,community,feat,Martin Garrix feat. Bonn - High On Life (Official Video),Music
10088,trending,shorts,"Oct 29, 2024, 6:44:09â€¯PM PST",Shorts
10507,community,ft\.,"Oct 23, 2024, 7:02:56â€¯AM PST",Music
10091,community,with,"Oct 29, 2024, 6:43:10â€¯PM PST",News
10509,community,ft\.,"Oct 23, 2024, 6:56:01â€¯AM PST",Music
10511,community,ft\.,Marshmello ft. Bastille - Happier (Official Music Video),Music
10093,trending,shorts,"Oct 29, 2024, 6:41:27â€¯PM PST",Shorts
10094,trending,shorts,"Oct 29, 2024, 6:40:34â€¯PM PST",Shorts
10097,trending,viral,"Oct 29, 2024, 6:39:14â€¯PM PST",Shorts
10097,trending,shorts,"Oct 29, 2024, 6:39:14â€¯PM PST",Shorts
10098,trending,shorts,"Oct 29, 2024, 6:38:53â€¯PM PST",Shorts
10517,community,ft\.,"Oct 23, 2024, 6:35:00â€¯AM PST",Music
10518,monetization,ad\b,"Oct 23, 2024, 6:30:15â€¯AM PST",Music
10101,trending,shorts,"Oct 29, 2024, 6:37:24â€¯PM PST",Shorts
10522,trending,shorts,"Oct 23, 2024, 6:29:14â€¯AM PST",Comedy
10105,trending,shorts,"Oct 29, 2024, 6:33:58â€¯PM PST",Shorts
10523,trending,tiktok,"Oct 23, 2024, 6:28:53â€¯AM PST",Technology
10525,trending,viral,"Oct 23, 2024, 12:18:18â€¯AM PST",Comedy
10525,trending,shorts,"Oct 23, 2024, 12:18:18â€¯AM PST",Comedy
10107,trending,shorts,"Oct 29, 2024, 6:32:46â€¯PM PST",Comedy
10527,trending,challenge,"Oct 23, 2024, 12:17:03â€¯AM PST",News
10109,community,vs,"Oct 29, 2024, 6:31:38â€¯PM PST",Entertainment
10530,trending,shorts,"Oct 23, 2024, 12:15:31â€¯AM PST",Shorts
10530,community,ft\.,"Oct 23, 2024, 12:15:31â€¯AM PST",Shorts
10532,community,vs,"Oct 22, 2024, 3:20:28â€¯PM PST",Entertainment
10113,trending,shorts,"Oct 29, 2024, 6:30:33â€¯PM PST",Comedy
10115,community,vs,"Oct 29, 2024, 6:29:52â€¯PM PST",Comedy
10116,trending,shorts,"Oct 29, 2024, 6:29:25â€¯PM PST",Podcast
10117,trending,challenge,"Oct 29, 2024, 6:28:30â€¯PM PST",Music
10118,trending,shorts,"Oct 29, 2024, 6:28:06â€¯PM PST",Shorts
10541,community,ft\.,"Oct 22, 2024, 10:07:10â€¯AM PST",Music
10119,trending,shorts,"Oct 29, 2024, 6:27:21â€¯PM PST",Shorts
10120,trending,trend(?:ing)?,"Oct 29, 2024, 6:27:19â€¯PM PST",Shorts
10120,trending,shorts,"Oct 29, 2024, 6:27:19â€¯PM PST",Shorts
10545,community,ft\.,"Oct 22, 2024, 9:51:38â€¯AM PST",Entertainment
10123,trending,shorts,"Oct 29, 2024, 6:26:15â€¯PM PST",Shorts
10124,trending,new,Varun Mayya,Technology
10547,trending,shorts,"Oct 22, 2024, 9:49:48â€¯AM PST",Shorts
10127,community,vs,"Oct 29, 2024, 5:56:00â€¯PM PST",Sports
10551,trending,shorts,"Oct 22, 2024, 9:46:11â€¯AM PST",Shorts
10131,community,feat,"Oct 29, 2024, 11:58:15â€¯AM PST",Music
10132,community,feat,"Oct 29, 2024, 9:49:32â€¯AM PST",Technology
10132,community,with,"Oct 29, 2024, 9:49:32â€¯AM PST",Technology
10133,community,with,"Oct 29, 2024, 9:47:30â€¯AM PST",Technology
10134,community,with,"Oct 29, 2024, 9:44:46â€¯AM PST",Technology
10560,trending,shorts,"Oct 22, 2024, 6:19:24â€¯AM PST",Shorts
10561,series,series,"Oct 22, 2024, 5:47:40â€¯AM PST",Entertainment
10135,community,with,"Oct 29, 2024, 9:42:32â€¯AM PST",Technology
10563,trending,viral,"Oct 22, 2024, 5:46:18â€¯AM PST",Gaming
10564,trending,shorts,"Oct 22, 2024, 5:45:43â€¯AM PST",Shorts
10565,community,vs,"Oct 22, 2024, 5:44:55â€¯AM PST",Sports
10566,monetization,ad\b,"Oct 22, 2024, 5:44:31â€¯AM PST",News
10568,trending,latest,"Oct 22, 2024, 5:12:18â€¯AM PST",Entertainment
10569,community,vs,"Oct 21, 2024, 5:40:36â€¯PM PST",Entertainment
10572,clickbait,shocking,"Oct 21, 2024, 4:56:31â€¯PM PST",News
10574,trending,viral,"Oct 21, 2024, 2:08:23â€¯PM PST",Shorts
10574,trending,shorts,"Oct 21, 2024, 2:08:23â€¯PM PST",Shorts
10149,monetization,ad\b,"Oct 28, 2024, 9:03:02â€¯PM PST",Music
10149,community,ft\.,"Oct 28, 2024, 9:03:02â€¯PM PST",Music
10577,trending,shorts,Marvel Talker,Shorts
10150,community,with,"Oct 28, 2024, 9:03:00â€¯PM PST",Comedy
10151,monetization,ad\b,"Oct 28, 2024, 9:03:00â€¯PM PST",Music
10579,trending,trend(?:ing)?,"Oct 21, 2024, 2:06:16â€¯PM PST",Reviews
10579,trending,viral,"Oct 21, 2024, 2:06:16â€¯PM PST",Reviews
10153,monetization,ad\b,"Oct 28, 2024, 9:02:59â€¯PM PST",Music
10153,community,with,"Oct 28, 2024, 9:02:59â€¯PM PST",Music
10580,trending,shorts,"Oct 21, 2024, 2:06:02â€¯PM PST",Shorts
10156,community,ft\.,"Oct 28, 2024, 9:02:59â€¯PM PST",Music
10583,trending,challenge,"Oct 21, 2024, 2:02:59â€¯PM PST",Shorts
10583,trending,shorts,"Oct 21, 2024, 2:02:59â€¯PM PST",Shorts
10584,trending,challenge,"Oct 21, 2024, 2:02:57â€¯PM PST",Technology
10584,trending,shorts,"Oct 21, 2024, 2:02:57â€¯PM PST",Technology
10585,trending,shorts,"Oct 21, 2024, 2:01:42â€¯PM PST",Shorts
10164,community,feat,"Oct 28, 2024, 7:15:46â€¯PM PST",Music
10165,community,feat,"Oct 28, 2024, 7:10:45â€¯PM PST",Music
10592,monetization,ad\b,"Oct 21, 2024, 7:29:25â€¯AM PST",Music
10167,trending,tiktok,"Who Is She x The Perfect Girl (TikTok Remix) I Monster, Mareux (Lyrics) | oh who is she",Music
10594,community,feat,"Oct 21, 2024, 7:22:24â€¯AM PST",Music
10599,community,w/,"Oct 21, 2024, 6:56:29â€¯AM PST",Shorts
10601,trending,shorts,"Oct 21, 2024, 6:55:24â€¯AM PST",Shorts
10612,trending,shorts,"Oct 21, 2024, 6:16:52â€¯AM PST",Music
10615,community,w/,"Oct 21, 2024, 6:14:01â€¯AM PST",Comedy
10617,trending,shorts,"Oct 21, 2024, 6:13:26â€¯AM PST",Shorts
10192,community,vs,"Oct 28, 2024, 1:44:12â€¯PM PST",Music
10619,community,vs,"Oct 21, 2024, 6:11:32â€¯AM PST",Entertainment
10620,trending,shorts,"Oct 21, 2024, 6:10:24â€¯AM PST",Shorts
10197,trending,new,"Oct 28, 2024, 1:37:19â€¯PM PST",Music
10197,monetization,ad\b,"Oct 28, 2024, 1:37:19â€¯PM PST",Music
10623,trending,shorts,"Oct 21, 2024, 6:08:38â€¯AM PST",Shorts
10201,community,ft\.,Mark Ronson - Uptown Funk (Official Video) ft. Bruno Mars,Music
10202,community,ft\.,Pitbull - Rain Over Me ft. Marc Anthony,Music
10203,community,ft\.,"Oct 28, 2024, 12:17:13â€¯PM PST",Music
10204,community,ft\.,"Oct 28, 2024, 12:14:00â€¯PM PST",Music
10205,community,ft\.,"Oct 28, 2024, 12:09:45â€¯PM PST",Music
10206,community,ft\.,"Oct 28, 2024, 12:05:02â€¯PM PST",Music
10632,community,w/,"Oct 21, 2024, 5:59:42â€¯AM PST",Technology
10633,trending,shorts,"Oct 21, 2024, 5:58:53â€¯AM PST",Shorts
10634,trending,shorts,"Oct 21, 2024, 5:57:34â€¯AM PST",Shorts
10216,trending,shorts,"Oct 28, 2024, 7:35:44â€¯AM PST",Shorts
10641,monetization,ad\b,"Oct 20, 2024, 1:42:15â€¯PM PST",Comedy
10645,community,ft\.,Mark Ronson - Uptown Funk (Official Video) ft. Bruno Mars,Music
10221,trending,shorts,"Oct 28, 2024, 7:22:19â€¯AM PST",Shorts
10648,community,ft\.,"Oct 20, 2024, 1:21:24â€¯PM PST",Music
10222,trending,shorts,"Oct 28, 2024, 7:21:56â€¯AM PST",Shorts
10650,community,ft\.,"Oct 20, 2024, 1:14:39â€¯PM PST",Music
10656,trending,new,"Oct 20, 2024, 12:54:33â€¯PM PST",Music
10666,community,ft\.,"Oct 20, 2024, 10:54:39â€¯AM PST",Music
10668,community,feat,"Oct 20, 2024, 10:50:40â€¯AM PST",Music
10668,community,featuring,"Oct 20, 2024, 10:50:40â€¯AM PST",Music
10669,monetization,ad\b,"Oct 20, 2024, 10:48:55â€¯AM PST",Music
10249,trending,shorts,"Oct 27, 2024, 6:42:18â€¯PM PST",Shorts
10677,monetization,ad\b,"Oct 20, 2024, 10:25:09â€¯AM PST",Music
10258,trending,shorts,"Oct 27, 2024, 7:45:12â€¯AM PST",Shorts
10258,community,with,"Oct 27, 2024, 7:45:12â€¯AM PST",Shorts
10259,trending,shorts,"Oct 27, 2024, 7:44:28â€¯AM PST",Shorts
10259,monetization,ad\b,"Oct 27, 2024, 7:44:28â€¯AM PST",Shorts
10260,community,w/,"Oct 27, 2024, 7:43:45â€¯AM PST",Podcast
10261,trending,shorts,"Oct 27, 2024, 7:43:38â€¯AM PST",Shorts
10267,community,ft\.,"Oct 27, 2024, 7:39:13â€¯AM PST",Comedy
10698,trending,new,"Oct 20, 2024, 8:52:51â€¯AM PST",Music
10698,monetization,ad\b,"Oct 20, 2024, 8:52:51â€¯AM PST",Music
10704,community,feat,"Oct 20, 2024, 7:57:35â€¯AM PST",Music
10276,community,ft\.,"Oct 26, 2024, 10:33:47â€¯AM PST",Comedy
10277,trending,shorts,"Oct 26, 2024, 10:33:17â€¯AM PST",Shorts
10278,trending,shorts,"Oct 26, 2024, 10:33:15â€¯AM PST",Shorts
10279,trending,shorts,"Oct 26, 2024, 10:32:57â€¯AM PST",Shorts
10712,clickbait,amazing,"Oct 20, 2024, 5:18:35â€¯AM PST",Entertainment
10280,trending,shorts,"Oct 26, 2024, 10:32:12â€¯AM PST",Shorts
10281,trending,shorts,"Oct 26, 2024, 10:31:38â€¯AM PST",Shorts
10282,monetization,ad\b,"Oct 26, 2024, 10:30:53â€¯AM PST",News
10283,trending,shorts,"Oct 26, 2024, 10:30:25â€¯AM PST",Shorts
10717,monetization,ad\b,"Oct 19, 2024, 10:10:46â€¯AM PST",Podcast
10720,community,ft\.,Marshmello ft. Bastille - Happier (Official Music Video),Music
10723,community,feat,"Oct 19, 2024, 7:03:29â€¯AM PST",Music
10291,community,vs,"Oct 26, 2024, 10:03:32â€¯AM PST",Entertainment
10729,community,with,"Oct 19, 2024, 6:38:47â€¯AM PST",News
10293,series,part\s*\d+,"Oct 26, 2024, 9:18:14â€¯AM PST",Shorts
10293,trending,shorts,"Oct 26, 2024, 9:18:14â€¯AM PST",Shorts
10730,community,vs,"Oct 19, 2024, 6:38:08â€¯AM PST",News
10296,community,w/,"Oct 26, 2024, 9:16:38â€¯AM PST",Podcast
10297,trending,new,"Oct 26, 2024, 9:16:30â€¯AM PST",Tutorial
10298,trending,new,"Oct 26, 2024, 9:16:02â€¯AM PST",Reviews
10299,trending,new,"Oct 26, 2024, 9:15:59â€¯AM PST",News
10300,community,vs,"Oct 26, 2024, 9:15:41â€¯AM PST",Sports
10739,monetization,ad\b,"Oct 19, 2024, 6:26:17â€¯AM PST",Comedy
10301,trending,shorts,"Oct 26, 2024, 9:15:36â€¯AM PST",Shorts
10301,trending,new,"Oct 26, 2024, 9:15:36â€¯AM PST",Shorts
10305,trending,new,"Oct 26, 2024, 9:14:37â€¯AM PST",Vlogs
10309,trending,shorts,"Oct 26, 2024, 9:06:48â€¯AM PST",Shorts
10749,community,with,"Oct 19, 2024, 4:19:46â€¯AM PST",Technology
10751,trending,new,First Year Marriage Lessons: What I wish I knew?,Tutorial
10313,community,w/,"Oct 26, 2024, 9:02:06â€¯AM PST",Podcast
10754,community,ft\.,"Oct 19, 2024, 2:57:27â€¯AM PST",Music
10315,trending,shorts,"Oct 26, 2024, 9:01:38â€¯AM PST",Shorts
10755,community,ft\.,"Oct 19, 2024, 2:51:15â€¯AM PST",Music
10756,trending,shorts,"Oct 19, 2024, 2:51:01â€¯AM PST",Shorts
10317,trending,shorts,"Oct 26, 2024, 8:58:58â€¯AM PST",Shorts
10757,community,ft\.,"Oct 19, 2024, 2:48:23â€¯AM PST",Entertainment
10761,trending,viral,"Oct 19, 2024, 2:41:02â€¯AM PST",Shorts
10761,trending,shorts,"Oct 19, 2024, 2:41:02â€¯AM PST",Shorts
10324,trending,trend(?:ing)?,"Oct 26, 2024, 5:26:44â€¯AM PST",Comedy
10324,trending,shorts,"Oct 26, 2024, 5:26:44â€¯AM PST",Comedy
10762,trending,viral,"Oct 19, 2024, 2:40:03â€¯AM PST",Music
10762,trending,shorts,"Oct 19, 2024, 2:40:03â€¯AM PST",Music
10762,trending,new,"Oct 19, 2024, 2:40:03â€¯AM PST",Music
10325,trending,trend(?:ing)?,"Oct 26, 2024, 5:26:18â€¯AM PST",Comedy
10325,trending,viral,"Oct 26, 2024, 5:26:18â€¯AM PST",Comedy
10326,community,vs,"Oct 26, 2024, 5:26:14â€¯AM PST",Entertainment
10764,monetization,ad\b,"Oct 19, 2024, 2:33:23â€¯AM PST",Music
10764,community,with,"Oct 19, 2024, 2:33:23â€¯AM PST",Music
10327,trending,viral,"Oct 26, 2024, 5:25:34â€¯AM PST",Comedy
10327,trending,shorts,"Oct 26, 2024, 5:25:34â€¯AM PST",Comedy
10329,community,with,"Oct 26, 2024, 5:24:06â€¯AM PST",Technology
10330,community,w/,"Oct 26, 2024, 5:23:38â€¯AM PST",Podcast
10769,trending,tiktok,"Who Is She x The Perfect Girl (TikTok Remix) I Monster, Mareux (Lyrics) | oh who is she",Music
10773,monetization,ad\b,"Oct 19, 2024, 12:59:35â€¯AM PST",Music
10773,community,ft\.,"Oct 19, 2024, 12:59:35â€¯AM PST",Music
10775,community,with,"Oct 19, 2024, 12:59:34â€¯AM PST",Comedy
10777,monetization,ad\b,"Oct 19, 2024, 12:59:34â€¯AM PST",Music
10778,community,ft\.,"Oct 19, 2024, 12:59:34â€¯AM PST",Music
10784,monetization,ad\b,"Oct 18, 2024, 9:22:44â€¯PM PST",Music
10784,community,ft\.,"Oct 18, 2024, 9:22:44â€¯PM PST",Music
10785,community,with,"Oct 18, 2024, 9:17:25â€¯PM PST",Comedy
10786,monetization,ad\b,"Oct 18, 2024, 9:15:07â€¯PM PST",Music
10786,community,with,"Oct 18, 2024, 9:15:07â€¯PM PST",Music
10787,monetization,ad\b,"Oct 18, 2024, 9:10:22â€¯PM PST",Music
10350,monetization,ad\b,"Oct 25, 2024, 6:45:56â€¯AM PST",Podcast
10789,community,ft\.,"Oct 18, 2024, 9:02:25â€¯PM PST",Music
10792,trending,shorts,"Oct 18, 2024, 8:59:37â€¯PM PST",Shorts
10795,trending,shorts,"Oct 18, 2024, 8:57:55â€¯PM PST",Shorts
10360,community,feat,"Oct 25, 2024, 6:11:07â€¯AM PST",Music
10796,trending,trend(?:ing)?,"Oct 18, 2024, 8:57:18â€¯PM PST",Music
10798,trending,shorts,"Oct 18, 2024, 8:40:57â€¯PM PST",Shorts
10801,trending,shorts,"Oct 18, 2024, 8:40:26â€¯PM PST",Shorts
10372,trending,shorts,"Oct 24, 2024, 2:01:44â€¯PM PST",Shorts
10805,trending,shorts,"Oct 18, 2024, 8:29:44â€¯PM PST",Shorts
10373,community,ft\.,"Oct 24, 2024, 2:00:54â€¯PM PST",Comedy
10374,trending,shorts,"Oct 24, 2024, 1:59:54â€¯PM PST",Shorts
10806,trending,trend(?:ing)?,"Oct 18, 2024, 8:29:25â€¯PM PST",Entertainment
10806,trending,viral,"Oct 18, 2024, 8:29:25â€¯PM PST",Entertainment
10806,trending,shorts,"Oct 18, 2024, 8:29:25â€¯PM PST",Entertainment
10806,trending,new,"Oct 18, 2024, 8:29:25â€¯PM PST",Entertainment
10375,trending,latest,"Oct 24, 2024, 1:59:52â€¯PM PST",News
10375,trending,new,"Oct 24, 2024, 1:59:52â€¯PM PST",News
10376,community,w/,"Oct 24, 2024, 1:59:29â€¯PM PST",Podcast
10808,trending,viral,"Oct 18, 2024, 8:25:52â€¯PM PST",Gaming
10811,community,w/,"Oct 18, 2024, 8:25:11â€¯PM PST",Podcast
10379,trending,trend(?:ing)?,"Oct 24, 2024, 1:57:57â€¯PM PST",Shorts
10379,trending,viral,"Oct 24, 2024, 1:57:57â€¯PM PST",Shorts
10379,trending,shorts,"Oct 24, 2024, 1:57:57â€¯PM PST",Shorts
10380,trending,shorts,"Oct 24, 2024, 1:57:16â€¯PM PST",Shorts
10814,trending,shorts,"Oct 18, 2024, 8:23:58â€¯PM PST",News
10382,trending,shorts,"Oct 24, 2024, 1:56:35â€¯PM PST",Shorts
10815,trending,shorts,"Oct 18, 2024, 8:23:14â€¯PM PST",Shorts
10815,community,ft\.,"Oct 18, 2024, 8:23:14â€¯PM PST",Shorts
10384,trending,viral,"Oct 24, 2024, 1:56:00â€¯PM PST",Comedy
10384,trending,shorts,"Oct 24, 2024, 1:56:00â€¯PM PST",Comedy
10386,trending,shorts,"Oct 24, 2024, 1:54:59â€¯PM PST",Shorts
10821,clickbait,shocking,"Oct 18, 2024, 8:20:52â€¯PM PST",News
10822,trending,shorts,"Oct 18, 2024, 8:20:33â€¯PM PST",Shorts
10389,series,season,"Oct 24, 2024, 1:54:18â€¯PM PST",Entertainment
10390,trending,shorts,"Oct 24, 2024, 1:53:58â€¯PM PST",Shorts
10390,monetization,ad\b,"Oct 24, 2024, 1:53:58â€¯PM PST",Shorts
10391,trending,shorts,New Married Couple ðŸ˜ˆ wait for the End ðŸ˜…ðŸ¤© #youtubeshorts #couplegoals,Shorts
10391,trending,new,New Married Couple ðŸ˜ˆ wait for the End ðŸ˜…ðŸ¤© #youtubeshorts #couplegoals,Shorts
10392,trending,shorts,"Oct 24, 2024, 1:53:28â€¯PM PST",Shorts
10393,community,w/,"Oct 24, 2024, 1:52:54â€¯PM PST",Podcast
10832,trending,tiktok,"Who Is She x The Perfect Girl (TikTok Remix) I Monster, Mareux (Lyrics) | oh who is she",Music
10834,community,with,"Oct 18, 2024, 5:33:31â€¯PM PST",Technology
10406,community,vs,"Oct 24, 2024, 9:59:45â€¯AM PST",Entertainment
10840,community,ft\.,"Oct 18, 2024, 2:36:54â€¯PM PST",Music
10841,community,ft\.,"Oct 18, 2024, 2:33:10â€¯PM PST",Music
10846,trending,shorts,"Oct 18, 2024, 12:43:56â€¯PM PST",Shorts
10420,community,with,"Oct 24, 2024, 7:18:44â€¯AM PST",Reviews
10850,monetization,ad\b,"Oct 18, 2024, 12:42:46â€¯PM PST",Entertainment
10422,community,with,"Oct 24, 2024, 7:17:45â€¯AM PST",Technology
10423,trending,shorts,"Oct 24, 2024, 7:12:06â€¯AM PST",Shorts
10423,community,with,"Oct 24, 2024, 7:12:06â€¯AM PST",Shorts
10853,trending,new,"Oct 18, 2024, 10:00:03â€¯AM PST",Music
10860,community,ft\.,"Oct 18, 2024, 9:32:54â€¯AM PST",Music
10433,trending,viral,"Oct 24, 2024, 6:45:18â€¯AM PST",Podcast
10433,trending,shorts,"Oct 24, 2024, 6:45:18â€¯AM PST",Podcast
10865,trending,shorts,"Oct 18, 2024, 8:45:58â€¯AM PST",Podcast
10437,community,with,"Oct 24, 2024, 6:43:12â€¯AM PST",Comedy
10868,community,vs,"Oct 18, 2024, 8:44:27â€¯AM PST",Technology
10870,community,w/,"Oct 18, 2024, 8:42:59â€¯AM PST",Comedy
10871,community,vs,"Oct 18, 2024, 8:42:57â€¯AM PST",Technology
10872,trending,shorts,"Oct 18, 2024, 8:40:41â€¯AM PST",Shorts
10441,trending,shorts,"Oct 24, 2024, 6:29:47â€¯AM PST",Comedy
10441,community,ft\.,"Oct 24, 2024, 6:29:47â€¯AM PST",Comedy
10444,trending,new,"Oct 24, 2024, 6:26:51â€¯AM PST",Technology
10444,community,w/,"Oct 24, 2024, 6:26:51â€¯AM PST",Technology
10878,community,ft\.,"Oct 18, 2024, 8:20:04â€¯AM PST",Music
10447,community,with,"Oct 24, 2024, 6:25:32â€¯AM PST",Technology
10448,trending,shorts,"Oct 24, 2024, 6:24:37â€¯AM PST",Shorts
10448,community,with,"Oct 24, 2024, 6:24:37â€¯AM PST",Shorts
10452,trending,shorts,"Oct 24, 2024, 6:21:35â€¯AM PST",Shorts
10453,community,ft\.,"Oct 24, 2024, 6:08:47â€¯AM PST",Music
10458,community,ft\.,"Oct 24, 2024, 5:49:42â€¯AM PST",Music
10459,community,ft\.,"Oct 24, 2024, 5:46:11â€¯AM PST",Music
10894,trending,shorts,When Maradona got banned for 15 months due to doping.. #maradona #shorts #football,Sports
10895,trending,shorts,"Oct 18, 2024, 12:39:13â€¯AM PST",Shorts
10466,trending,shorts,"Oct 24, 2024, 5:26:09â€¯AM PST",Shorts
10468,community,with,"Oct 24, 2024, 5:24:17â€¯AM PST",Comedy
10472,community,ft\.,"Oct 24, 2024, 5:18:10â€¯AM PST",Comedy
10473,series,#\d+,"Oct 24, 2024, 5:14:44â€¯AM PST",Technology
10473,community,with,"Oct 24, 2024, 5:14:44â€¯AM PST",Technology
10476,community,vs,"Oct 23, 2024, 4:35:04â€¯PM PST",Entertainment
10479,community,with,"Oct 23, 2024, 1:33:25â€¯PM PST",Music
10480,trending,latest,"Oct 23, 2024, 1:26:31â€¯PM PST",Music
10483,clickbait,gone wrong,"Oct 23, 2024, 1:19:04â€¯PM PST",Entertainment
10489,trending,shorts,"Oct 23, 2024, 1:11:04â€¯PM PST",Shorts
10489,community,ft\.,"Oct 23, 2024, 1:11:04â€¯PM PST",Shorts
10489,community,vs,"Oct 23, 2024, 1:11:04â€¯PM PST",Shorts
10495,community,feat,"Oct 23, 2024, 9:35:09â€¯AM PST",Music
